--------------------------------------------------------
--  파일이 생성됨 - 금요일-2월-07-2020   
--------------------------------------------------------
--------------------------------------------------------
--  DDL for Table BUSINESS_INFO
--------------------------------------------------------

  CREATE TABLE "BUYLOCAL"."BUSINESS_INFO" 
   (	"B_SHOP_NO" VARCHAR2(40 BYTE), 
	"B_PERMIT" VARCHAR2(30 BYTE) DEFAULT 'N', 
	"B_SHOP_NAME" VARCHAR2(100 BYTE), 
	"B_CLASS" VARCHAR2(50 BYTE), 
	"B_DETAIL_CLASS" VARCHAR2(50 BYTE), 
	"B_OWNER" VARCHAR2(30 BYTE), 
	"B_PIC" VARCHAR2(50 BYTE), 
	"B_SHOP_ADDRESS" VARCHAR2(255 BYTE), 
	"C_NO" NUMBER
   ) SEGMENT CREATION IMMEDIATE 
  PCTFREE 10 PCTUSED 40 INITRANS 1 MAXTRANS 255 NOCOMPRESS LOGGING
  STORAGE(INITIAL 65536 NEXT 1048576 MINEXTENTS 1 MAXEXTENTS 2147483645
  PCTINCREASE 0 FREELISTS 1 FREELIST GROUPS 1 BUFFER_POOL DEFAULT FLASH_CACHE DEFAULT CELL_FLASH_CACHE DEFAULT)
  TABLESPACE "SYSTEM" ;

   COMMENT ON COLUMN "BUYLOCAL"."BUSINESS_INFO"."B_SHOP_NO" IS '회원번호(사업자)';
   COMMENT ON COLUMN "BUYLOCAL"."BUSINESS_INFO"."B_PERMIT" IS '승인여부';
   COMMENT ON COLUMN "BUYLOCAL"."BUSINESS_INFO"."B_SHOP_NAME" IS '상호명';
   COMMENT ON COLUMN "BUYLOCAL"."BUSINESS_INFO"."B_OWNER" IS '대표자이름';
   COMMENT ON COLUMN "BUYLOCAL"."BUSINESS_INFO"."B_PIC" IS '담당자 연락처';
   COMMENT ON COLUMN "BUYLOCAL"."BUSINESS_INFO"."B_SHOP_ADDRESS" IS '사업장주소';
   COMMENT ON COLUMN "BUYLOCAL"."BUSINESS_INFO"."C_NO" IS '회원번호(일반)';
--------------------------------------------------------
--  DDL for Table CART
--------------------------------------------------------

  CREATE TABLE "BUYLOCAL"."CART" 
   (	"CART_NO" NUMBER, 
	"C_NO" NUMBER, 
	"P_NO" NUMBER, 
	"QUANTITY" NUMBER
   ) SEGMENT CREATION IMMEDIATE 
  PCTFREE 10 PCTUSED 40 INITRANS 1 MAXTRANS 255 NOCOMPRESS LOGGING
  STORAGE(INITIAL 65536 NEXT 1048576 MINEXTENTS 1 MAXEXTENTS 2147483645
  PCTINCREASE 0 FREELISTS 1 FREELIST GROUPS 1 BUFFER_POOL DEFAULT FLASH_CACHE DEFAULT CELL_FLASH_CACHE DEFAULT)
  TABLESPACE "SYSTEM" ;

   COMMENT ON COLUMN "BUYLOCAL"."CART"."C_NO" IS '회원번호(일반)';
   COMMENT ON COLUMN "BUYLOCAL"."CART"."P_NO" IS '상품고유번호';
--------------------------------------------------------
--  DDL for Table CATEGORY
--------------------------------------------------------

  CREATE TABLE "BUYLOCAL"."CATEGORY" 
   (	"CG_CODE" VARCHAR2(30 BYTE), 
	"CG_NAME" VARCHAR2(50 BYTE)
   ) SEGMENT CREATION IMMEDIATE 
  PCTFREE 10 PCTUSED 40 INITRANS 1 MAXTRANS 255 NOCOMPRESS LOGGING
  STORAGE(INITIAL 65536 NEXT 1048576 MINEXTENTS 1 MAXEXTENTS 2147483645
  PCTINCREASE 0 FREELISTS 1 FREELIST GROUPS 1 BUFFER_POOL DEFAULT FLASH_CACHE DEFAULT CELL_FLASH_CACHE DEFAULT)
  TABLESPACE "SYSTEM" ;

   COMMENT ON COLUMN "BUYLOCAL"."CATEGORY"."CG_CODE" IS '카테고리코드';
   COMMENT ON COLUMN "BUYLOCAL"."CATEGORY"."CG_NAME" IS '카테고리이름';
--------------------------------------------------------
--  DDL for Table CUSTOMER
--------------------------------------------------------

  CREATE TABLE "BUYLOCAL"."CUSTOMER" 
   (	"C_NO" NUMBER, 
	"C_NAME" VARCHAR2(30 BYTE), 
	"C_ID" VARCHAR2(30 BYTE), 
	"C_PWD" VARCHAR2(100 BYTE), 
	"C_EMAIL" VARCHAR2(100 BYTE), 
	"C_ADDRESS" VARCHAR2(255 BYTE), 
	"C_STATUS" VARCHAR2(30 BYTE) DEFAULT 'Y', 
	"C_PHONE" VARCHAR2(50 BYTE), 
	"C_ENROLLDATE" DATE, 
	"C_LEVEL" VARCHAR2(20 BYTE) DEFAULT '일반'
   ) SEGMENT CREATION IMMEDIATE 
  PCTFREE 10 PCTUSED 40 INITRANS 1 MAXTRANS 255 NOCOMPRESS LOGGING
  STORAGE(INITIAL 65536 NEXT 1048576 MINEXTENTS 1 MAXEXTENTS 2147483645
  PCTINCREASE 0 FREELISTS 1 FREELIST GROUPS 1 BUFFER_POOL DEFAULT FLASH_CACHE DEFAULT CELL_FLASH_CACHE DEFAULT)
  TABLESPACE "SYSTEM" ;

   COMMENT ON COLUMN "BUYLOCAL"."CUSTOMER"."C_NO" IS '회원번호(일반)';
   COMMENT ON COLUMN "BUYLOCAL"."CUSTOMER"."C_NAME" IS '이름';
   COMMENT ON COLUMN "BUYLOCAL"."CUSTOMER"."C_ID" IS '아이디';
   COMMENT ON COLUMN "BUYLOCAL"."CUSTOMER"."C_PWD" IS '비밀번호';
   COMMENT ON COLUMN "BUYLOCAL"."CUSTOMER"."C_EMAIL" IS '이메일';
   COMMENT ON COLUMN "BUYLOCAL"."CUSTOMER"."C_ADDRESS" IS '주소';
   COMMENT ON COLUMN "BUYLOCAL"."CUSTOMER"."C_STATUS" IS '탈퇴여부';
   COMMENT ON COLUMN "BUYLOCAL"."CUSTOMER"."C_PHONE" IS '전화번호';
   COMMENT ON COLUMN "BUYLOCAL"."CUSTOMER"."C_ENROLLDATE" IS '일반회원 가입일자';
   COMMENT ON COLUMN "BUYLOCAL"."CUSTOMER"."C_LEVEL" IS '회원 구분';
--------------------------------------------------------
--  DDL for Table DEAL
--------------------------------------------------------

  CREATE TABLE "BUYLOCAL"."DEAL" 
   (	"D_NO" NUMBER, 
	"D_DATE" DATE, 
	"P_NO" NUMBER, 
	"C_NO" NUMBER, 
	"D_PRICE" NUMBER, 
	"D_AMOUNT" NUMBER, 
	"D_METHOD" VARCHAR2(50 BYTE), 
	"D_RECEIVER" VARCHAR2(30 BYTE), 
	"D_REV_DATE" DATE, 
	"D_REV_CHECK" VARCHAR2(30 BYTE), 
	"D_STATUS" VARCHAR2(50 BYTE) DEFAULT 'Y', 
	"D_UID" VARCHAR2(50 BYTE)
   ) SEGMENT CREATION IMMEDIATE 
  PCTFREE 10 PCTUSED 40 INITRANS 1 MAXTRANS 255 NOCOMPRESS LOGGING
  STORAGE(INITIAL 65536 NEXT 1048576 MINEXTENTS 1 MAXEXTENTS 2147483645
  PCTINCREASE 0 FREELISTS 1 FREELIST GROUPS 1 BUFFER_POOL DEFAULT FLASH_CACHE DEFAULT CELL_FLASH_CACHE DEFAULT)
  TABLESPACE "SYSTEM" ;

   COMMENT ON COLUMN "BUYLOCAL"."DEAL"."D_NO" IS '거래번호';
   COMMENT ON COLUMN "BUYLOCAL"."DEAL"."D_DATE" IS '거래일자';
   COMMENT ON COLUMN "BUYLOCAL"."DEAL"."P_NO" IS '상품고유번호';
   COMMENT ON COLUMN "BUYLOCAL"."DEAL"."C_NO" IS '회원번호(일반)';
   COMMENT ON COLUMN "BUYLOCAL"."DEAL"."D_PRICE" IS '결제금액';
   COMMENT ON COLUMN "BUYLOCAL"."DEAL"."D_AMOUNT" IS '수량';
   COMMENT ON COLUMN "BUYLOCAL"."DEAL"."D_METHOD" IS '결제방법';
   COMMENT ON COLUMN "BUYLOCAL"."DEAL"."D_RECEIVER" IS '수령인';
   COMMENT ON COLUMN "BUYLOCAL"."DEAL"."D_REV_DATE" IS '수령일자';
   COMMENT ON COLUMN "BUYLOCAL"."DEAL"."D_REV_CHECK" IS '수령여부';
   COMMENT ON COLUMN "BUYLOCAL"."DEAL"."D_STATUS" IS '결제 상태';
--------------------------------------------------------
--  DDL for Table FAVORITE
--------------------------------------------------------

  CREATE TABLE "BUYLOCAL"."FAVORITE" 
   (	"P_NO" NUMBER, 
	"C_NO" NUMBER
   ) SEGMENT CREATION IMMEDIATE 
  PCTFREE 10 PCTUSED 40 INITRANS 1 MAXTRANS 255 NOCOMPRESS LOGGING
  STORAGE(INITIAL 65536 NEXT 1048576 MINEXTENTS 1 MAXEXTENTS 2147483645
  PCTINCREASE 0 FREELISTS 1 FREELIST GROUPS 1 BUFFER_POOL DEFAULT FLASH_CACHE DEFAULT CELL_FLASH_CACHE DEFAULT)
  TABLESPACE "SYSTEM" ;

   COMMENT ON COLUMN "BUYLOCAL"."FAVORITE"."P_NO" IS '상품고유번호';
   COMMENT ON COLUMN "BUYLOCAL"."FAVORITE"."C_NO" IS '회원번호(일반)';
--------------------------------------------------------
--  DDL for Table LOCAL
--------------------------------------------------------

  CREATE TABLE "BUYLOCAL"."LOCAL" 
   (	"L_CODE" VARCHAR2(30 BYTE), 
	"L_NAME" VARCHAR2(100 BYTE)
   ) SEGMENT CREATION IMMEDIATE 
  PCTFREE 10 PCTUSED 40 INITRANS 1 MAXTRANS 255 NOCOMPRESS LOGGING
  STORAGE(INITIAL 65536 NEXT 1048576 MINEXTENTS 1 MAXEXTENTS 2147483645
  PCTINCREASE 0 FREELISTS 1 FREELIST GROUPS 1 BUFFER_POOL DEFAULT FLASH_CACHE DEFAULT CELL_FLASH_CACHE DEFAULT)
  TABLESPACE "SYSTEM" ;

   COMMENT ON COLUMN "BUYLOCAL"."LOCAL"."L_CODE" IS '지역코드';
   COMMENT ON COLUMN "BUYLOCAL"."LOCAL"."L_NAME" IS '지역이름';
--------------------------------------------------------
--  DDL for Table NOTICE
--------------------------------------------------------

  CREATE TABLE "BUYLOCAL"."NOTICE" 
   (	"N_NO" NUMBER, 
	"N_TITLE" VARCHAR2(100 BYTE), 
	"N_CONTENT" CLOB, 
	"N_DATE" DATE, 
	"N_STATUS" VARCHAR2(30 BYTE) DEFAULT 'Y', 
	"N_VIEW" NUMBER
   ) SEGMENT CREATION IMMEDIATE 
  PCTFREE 10 PCTUSED 40 INITRANS 1 MAXTRANS 255 NOCOMPRESS LOGGING
  STORAGE(INITIAL 65536 NEXT 1048576 MINEXTENTS 1 MAXEXTENTS 2147483645
  PCTINCREASE 0 FREELISTS 1 FREELIST GROUPS 1 BUFFER_POOL DEFAULT FLASH_CACHE DEFAULT CELL_FLASH_CACHE DEFAULT)
  TABLESPACE "SYSTEM" 
 LOB ("N_CONTENT") STORE AS BASICFILE (
  TABLESPACE "SYSTEM" ENABLE STORAGE IN ROW CHUNK 8192 RETENTION 
  NOCACHE LOGGING 
  STORAGE(INITIAL 65536 NEXT 1048576 MINEXTENTS 1 MAXEXTENTS 2147483645
  PCTINCREASE 0 FREELISTS 1 FREELIST GROUPS 1 BUFFER_POOL DEFAULT FLASH_CACHE DEFAULT CELL_FLASH_CACHE DEFAULT)) ;

   COMMENT ON COLUMN "BUYLOCAL"."NOTICE"."N_NO" IS '공지사항 번호';
   COMMENT ON COLUMN "BUYLOCAL"."NOTICE"."N_TITLE" IS '글제목';
   COMMENT ON COLUMN "BUYLOCAL"."NOTICE"."N_CONTENT" IS '글내용';
   COMMENT ON COLUMN "BUYLOCAL"."NOTICE"."N_DATE" IS '작성일';
   COMMENT ON COLUMN "BUYLOCAL"."NOTICE"."N_STATUS" IS '공지 게시글 상태';
   COMMENT ON COLUMN "BUYLOCAL"."NOTICE"."N_VIEW" IS '조회수';
--------------------------------------------------------
--  DDL for Table PRODUCT
--------------------------------------------------------

  CREATE TABLE "BUYLOCAL"."PRODUCT" 
   (	"P_NO" NUMBER, 
	"P_NAME" VARCHAR2(100 BYTE), 
	"P_THUMB" VARCHAR2(100 BYTE), 
	"P_ORIGINALPRICE" NUMBER, 
	"P_FINALPRICE" NUMBER, 
	"P_AMOUNT" NUMBER, 
	"P_INFO_IMAGE" VARCHAR2(100 BYTE), 
	"P_INFO_TEXT" VARCHAR2(255 BYTE), 
	"CG_CODE" VARCHAR2(30 BYTE), 
	"P_DATE" DATE, 
	"P_STATUS" VARCHAR2(30 BYTE) DEFAULT 'Y', 
	"L_CODE" VARCHAR2(30 BYTE), 
	"P_STARRATE" NUMBER DEFAULT '0', 
	"P_ORIGIN" VARCHAR2(100 BYTE), 
	"P_TITLE" VARCHAR2(100 BYTE), 
	"P_BOARD" VARCHAR2(50 BYTE), 
	"C_NO" NUMBER, 
	"P_VOLUME" VARCHAR2(100 BYTE), 
	"P_PRODUCT_DATE" DATE, 
	"P_TREATMENT" VARCHAR2(1000 BYTE), 
	"P_START_DATE" DATE, 
	"P_END_DATE" DATE
   ) SEGMENT CREATION IMMEDIATE 
  PCTFREE 10 PCTUSED 40 INITRANS 1 MAXTRANS 255 NOCOMPRESS LOGGING
  STORAGE(INITIAL 65536 NEXT 1048576 MINEXTENTS 1 MAXEXTENTS 2147483645
  PCTINCREASE 0 FREELISTS 1 FREELIST GROUPS 1 BUFFER_POOL DEFAULT FLASH_CACHE DEFAULT CELL_FLASH_CACHE DEFAULT)
  TABLESPACE "SYSTEM" ;

   COMMENT ON COLUMN "BUYLOCAL"."PRODUCT"."P_NO" IS '상품고유번호';
   COMMENT ON COLUMN "BUYLOCAL"."PRODUCT"."P_NAME" IS '상품이름';
   COMMENT ON COLUMN "BUYLOCAL"."PRODUCT"."P_THUMB" IS '썸네일';
   COMMENT ON COLUMN "BUYLOCAL"."PRODUCT"."P_ORIGINALPRICE" IS '할인전가격';
   COMMENT ON COLUMN "BUYLOCAL"."PRODUCT"."P_FINALPRICE" IS '최종판매가격';
   COMMENT ON COLUMN "BUYLOCAL"."PRODUCT"."P_AMOUNT" IS '판매수량';
   COMMENT ON COLUMN "BUYLOCAL"."PRODUCT"."P_INFO_IMAGE" IS '상품정보(이미지)';
   COMMENT ON COLUMN "BUYLOCAL"."PRODUCT"."P_INFO_TEXT" IS '상품정보(텍스트)';
   COMMENT ON COLUMN "BUYLOCAL"."PRODUCT"."CG_CODE" IS '카테고리코드';
   COMMENT ON COLUMN "BUYLOCAL"."PRODUCT"."P_DATE" IS '등록일자';
   COMMENT ON COLUMN "BUYLOCAL"."PRODUCT"."P_STATUS" IS '상태';
   COMMENT ON COLUMN "BUYLOCAL"."PRODUCT"."L_CODE" IS '지역코드';
   COMMENT ON COLUMN "BUYLOCAL"."PRODUCT"."C_NO" IS '회원번호(일반)';
--------------------------------------------------------
--  DDL for Table QNA
--------------------------------------------------------

  CREATE TABLE "BUYLOCAL"."QNA" 
   (	"Q_NO" NUMBER, 
	"Q_TITLE" VARCHAR2(100 BYTE), 
	"Q_CONTENT" VARCHAR2(1000 BYTE), 
	"C_NO" NUMBER, 
	"Q_ENROLLDATE" DATE, 
	"Q_STATUS" VARCHAR2(10 BYTE) DEFAULT 'Y', 
	"Q_REPLYDATE" DATE DEFAULT NULL
   ) SEGMENT CREATION IMMEDIATE 
  PCTFREE 10 PCTUSED 40 INITRANS 1 MAXTRANS 255 NOCOMPRESS LOGGING
  STORAGE(INITIAL 65536 NEXT 1048576 MINEXTENTS 1 MAXEXTENTS 2147483645
  PCTINCREASE 0 FREELISTS 1 FREELIST GROUPS 1 BUFFER_POOL DEFAULT FLASH_CACHE DEFAULT CELL_FLASH_CACHE DEFAULT)
  TABLESPACE "SYSTEM" ;

   COMMENT ON COLUMN "BUYLOCAL"."QNA"."Q_NO" IS 'QNA번호';
   COMMENT ON COLUMN "BUYLOCAL"."QNA"."Q_TITLE" IS '글제목';
   COMMENT ON COLUMN "BUYLOCAL"."QNA"."Q_CONTENT" IS '글내용';
   COMMENT ON COLUMN "BUYLOCAL"."QNA"."C_NO" IS '회원번호(일반)';
   COMMENT ON COLUMN "BUYLOCAL"."QNA"."Q_ENROLLDATE" IS '글 등록날짜';
--------------------------------------------------------
--  DDL for Table REPLY
--------------------------------------------------------

  CREATE TABLE "BUYLOCAL"."REPLY" 
   (	"R_NO" NUMBER, 
	"SB_NO" NUMBER, 
	"C_NO" NUMBER, 
	"R_CREATEDATE" DATE, 
	"R_CONTENT" VARCHAR2(255 BYTE), 
	"R_STATUS" VARCHAR2(30 BYTE) DEFAULT 'Y', 
	"R_LEVEL" NUMBER, 
	"REF_RNO" NUMBER
   ) SEGMENT CREATION IMMEDIATE 
  PCTFREE 10 PCTUSED 40 INITRANS 1 MAXTRANS 255 NOCOMPRESS LOGGING
  STORAGE(INITIAL 65536 NEXT 1048576 MINEXTENTS 1 MAXEXTENTS 2147483645
  PCTINCREASE 0 FREELISTS 1 FREELIST GROUPS 1 BUFFER_POOL DEFAULT FLASH_CACHE DEFAULT CELL_FLASH_CACHE DEFAULT)
  TABLESPACE "SYSTEM" ;

   COMMENT ON COLUMN "BUYLOCAL"."REPLY"."R_NO" IS '댓글번호';
   COMMENT ON COLUMN "BUYLOCAL"."REPLY"."SB_NO" IS '나눔번호';
   COMMENT ON COLUMN "BUYLOCAL"."REPLY"."C_NO" IS '회원번호(일반)';
   COMMENT ON COLUMN "BUYLOCAL"."REPLY"."R_CREATEDATE" IS '댓글  등록일';
   COMMENT ON COLUMN "BUYLOCAL"."REPLY"."R_CONTENT" IS '댓글내용';
   COMMENT ON COLUMN "BUYLOCAL"."REPLY"."R_STATUS" IS '상태';
   COMMENT ON COLUMN "BUYLOCAL"."REPLY"."R_LEVEL" IS '대댓글';
--------------------------------------------------------
--  DDL for Table REPORT
--------------------------------------------------------

  CREATE TABLE "BUYLOCAL"."REPORT" 
   (	"RT_NO" NUMBER, 
	"RT_TITLE" VARCHAR2(100 BYTE), 
	"RT_CONTENT" VARCHAR2(255 BYTE), 
	"RT_DATE" DATE, 
	"C_NO" NUMBER, 
	"RT_CATEGORY" VARCHAR2(50 BYTE), 
	"RT_STATUS" VARCHAR2(10 BYTE) DEFAULT 'Y', 
	"RT_DIVIDE" VARCHAR2(30 BYTE), 
	"RT_NUM" NUMBER
   ) SEGMENT CREATION IMMEDIATE 
  PCTFREE 10 PCTUSED 40 INITRANS 1 MAXTRANS 255 NOCOMPRESS LOGGING
  STORAGE(INITIAL 65536 NEXT 1048576 MINEXTENTS 1 MAXEXTENTS 2147483645
  PCTINCREASE 0 FREELISTS 1 FREELIST GROUPS 1 BUFFER_POOL DEFAULT FLASH_CACHE DEFAULT CELL_FLASH_CACHE DEFAULT)
  TABLESPACE "SYSTEM" ;

   COMMENT ON COLUMN "BUYLOCAL"."REPORT"."RT_NO" IS '신고번호';
   COMMENT ON COLUMN "BUYLOCAL"."REPORT"."RT_TITLE" IS '신고제목';
   COMMENT ON COLUMN "BUYLOCAL"."REPORT"."RT_CONTENT" IS '신고내용';
   COMMENT ON COLUMN "BUYLOCAL"."REPORT"."RT_DATE" IS '작성일';
   COMMENT ON COLUMN "BUYLOCAL"."REPORT"."C_NO" IS '회원번호(일반)';
   COMMENT ON COLUMN "BUYLOCAL"."REPORT"."RT_CATEGORY" IS '분류';
--------------------------------------------------------
--  DDL for Table REVIEW
--------------------------------------------------------

  CREATE TABLE "BUYLOCAL"."REVIEW" 
   (	"RV_NO" NUMBER, 
	"RV_STARRATE" NUMBER, 
	"RV_CONTENT" VARCHAR2(255 BYTE), 
	"C_NO" NUMBER, 
	"RV_STATUS" VARCHAR2(30 BYTE) DEFAULT 'Y', 
	"P_NO" NUMBER, 
	"RV_ENROLLDATE" DATE
   ) SEGMENT CREATION IMMEDIATE 
  PCTFREE 10 PCTUSED 40 INITRANS 1 MAXTRANS 255 NOCOMPRESS LOGGING
  STORAGE(INITIAL 65536 NEXT 1048576 MINEXTENTS 1 MAXEXTENTS 2147483645
  PCTINCREASE 0 FREELISTS 1 FREELIST GROUPS 1 BUFFER_POOL DEFAULT FLASH_CACHE DEFAULT CELL_FLASH_CACHE DEFAULT)
  TABLESPACE "SYSTEM" ;

   COMMENT ON COLUMN "BUYLOCAL"."REVIEW"."RV_NO" IS '리뷰번호';
   COMMENT ON COLUMN "BUYLOCAL"."REVIEW"."RV_STARRATE" IS '평점';
   COMMENT ON COLUMN "BUYLOCAL"."REVIEW"."RV_CONTENT" IS '리뷰내용';
   COMMENT ON COLUMN "BUYLOCAL"."REVIEW"."C_NO" IS '회원번호(일반)';
   COMMENT ON COLUMN "BUYLOCAL"."REVIEW"."RV_STATUS" IS '상태';
   COMMENT ON COLUMN "BUYLOCAL"."REVIEW"."P_NO" IS '상품고유번호';
--------------------------------------------------------
--  DDL for Table SB_CATEGORY
--------------------------------------------------------

  CREATE TABLE "BUYLOCAL"."SB_CATEGORY" 
   (	"SB_CG_CODE" VARCHAR2(30 BYTE), 
	"SB_CG_NAME" VARCHAR2(100 BYTE)
   ) SEGMENT CREATION IMMEDIATE 
  PCTFREE 10 PCTUSED 40 INITRANS 1 MAXTRANS 255 NOCOMPRESS LOGGING
  STORAGE(INITIAL 65536 NEXT 1048576 MINEXTENTS 1 MAXEXTENTS 2147483645
  PCTINCREASE 0 FREELISTS 1 FREELIST GROUPS 1 BUFFER_POOL DEFAULT FLASH_CACHE DEFAULT CELL_FLASH_CACHE DEFAULT)
  TABLESPACE "SYSTEM" ;

   COMMENT ON COLUMN "BUYLOCAL"."SB_CATEGORY"."SB_CG_CODE" IS '말머리코드';
   COMMENT ON COLUMN "BUYLOCAL"."SB_CATEGORY"."SB_CG_NAME" IS '말머리이름';
--------------------------------------------------------
--  DDL for Table SEARCHLIST
--------------------------------------------------------

  CREATE TABLE "BUYLOCAL"."SEARCHLIST" 
   (	"SEARCH_NO" NUMBER, 
	"SEARCHSTR" VARCHAR2(100 BYTE), 
	"SEARCHCOUNT" NUMBER
   ) SEGMENT CREATION IMMEDIATE 
  PCTFREE 10 PCTUSED 40 INITRANS 1 MAXTRANS 255 NOCOMPRESS LOGGING
  STORAGE(INITIAL 65536 NEXT 1048576 MINEXTENTS 1 MAXEXTENTS 2147483645
  PCTINCREASE 0 FREELISTS 1 FREELIST GROUPS 1 BUFFER_POOL DEFAULT FLASH_CACHE DEFAULT CELL_FLASH_CACHE DEFAULT)
  TABLESPACE "SYSTEM" ;
--------------------------------------------------------
--  DDL for Table SHAREBOARD
--------------------------------------------------------

  CREATE TABLE "BUYLOCAL"."SHAREBOARD" 
   (	"SB_NO" NUMBER, 
	"SB_TITLE" VARCHAR2(255 BYTE), 
	"SB_CONTENT" VARCHAR2(255 BYTE), 
	"SB_CREATEDATE" DATE, 
	"SB_STATUS" VARCHAR2(50 BYTE) DEFAULT 'Y', 
	"C_NO" NUMBER, 
	"L_CODE" VARCHAR2(30 BYTE), 
	"SB_VIEW" NUMBER, 
	"SB_CG_CODE" VARCHAR2(30 BYTE), 
	"ORIGINAL_FILE" VARCHAR2(100 BYTE), 
	"RENAME_FILENAME" VARCHAR2(100 BYTE)
   ) SEGMENT CREATION IMMEDIATE 
  PCTFREE 10 PCTUSED 40 INITRANS 1 MAXTRANS 255 NOCOMPRESS LOGGING
  STORAGE(INITIAL 65536 NEXT 1048576 MINEXTENTS 1 MAXEXTENTS 2147483645
  PCTINCREASE 0 FREELISTS 1 FREELIST GROUPS 1 BUFFER_POOL DEFAULT FLASH_CACHE DEFAULT CELL_FLASH_CACHE DEFAULT)
  TABLESPACE "SYSTEM" ;

   COMMENT ON COLUMN "BUYLOCAL"."SHAREBOARD"."SB_NO" IS '나눔번호';
   COMMENT ON COLUMN "BUYLOCAL"."SHAREBOARD"."SB_TITLE" IS '글제목';
   COMMENT ON COLUMN "BUYLOCAL"."SHAREBOARD"."SB_CONTENT" IS '글내용';
   COMMENT ON COLUMN "BUYLOCAL"."SHAREBOARD"."SB_CREATEDATE" IS '등록일자';
   COMMENT ON COLUMN "BUYLOCAL"."SHAREBOARD"."SB_STATUS" IS '상태';
   COMMENT ON COLUMN "BUYLOCAL"."SHAREBOARD"."C_NO" IS '회원번호(일반)';
   COMMENT ON COLUMN "BUYLOCAL"."SHAREBOARD"."L_CODE" IS '지역코드';
   COMMENT ON COLUMN "BUYLOCAL"."SHAREBOARD"."SB_VIEW" IS '조회수';
   COMMENT ON COLUMN "BUYLOCAL"."SHAREBOARD"."SB_CG_CODE" IS '말머리코드';
REM INSERTING into BUYLOCAL.BUSINESS_INFO
SET DEFINE OFF;
Insert into BUYLOCAL.BUSINESS_INFO (B_SHOP_NO,B_PERMIT,B_SHOP_NAME,B_CLASS,B_DETAIL_CLASS,B_OWNER,B_PIC,B_SHOP_ADDRESS,C_NO) values ('1890501059','Y','찐평양냉면','숙박 및 음식점업','숙박 및 음식점업','김석진','010-0000-0001','02844,서울특별시 성북구 보문로34다길 2,(돈암동)',2);
Insert into BUYLOCAL.BUSINESS_INFO (B_SHOP_NO,B_PERMIT,B_SHOP_NAME,B_CLASS,B_DETAIL_CLASS,B_OWNER,B_PIC,B_SHOP_ADDRESS,C_NO) values ('4328600249','Y','성북마트','도매 및 소매업','도매 및 소매업','민윤기','010-0000-0002','02844,서울특별시 성북구 보문로30길 50,(돈암동)',3);
Insert into BUYLOCAL.BUSINESS_INFO (B_SHOP_NO,B_PERMIT,B_SHOP_NAME,B_CLASS,B_DETAIL_CLASS,B_OWNER,B_PIC,B_SHOP_ADDRESS,C_NO) values ('1280241206','Y','꾸레쥬르','식료품 소매업','식료품 소매업','김남준','010-0000-0003','06090,서울특별시 강남구 학동로 426,(삼성동)',4);
Insert into BUYLOCAL.BUSINESS_INFO (B_SHOP_NO,B_PERMIT,B_SHOP_NAME,B_CLASS,B_DETAIL_CLASS,B_OWNER,B_PIC,B_SHOP_ADDRESS,C_NO) values ('2208671461','Y','강남슈퍼','도매 및 소매업','도매 및 소매업','정호석','010-0000-0004','06085,서울특별시 강남구 삼성로 628,(삼성동)',5);
Insert into BUYLOCAL.BUSINESS_INFO (B_SHOP_NO,B_PERMIT,B_SHOP_NAME,B_CLASS,B_DETAIL_CLASS,B_OWNER,B_PIC,B_SHOP_ADDRESS,C_NO) values ('6151818952','Y','방탄떡집','식료품 소매업','식료품 소매업','김태형','010-0000-0005','03153,서울특별시 종로구 삼봉로 43,(수송동)',6);
Insert into BUYLOCAL.BUSINESS_INFO (B_SHOP_NO,B_PERMIT,B_SHOP_NAME,B_CLASS,B_DETAIL_CLASS,B_OWNER,B_PIC,B_SHOP_ADDRESS,C_NO) values ('1168200276','Y','종로마켓','도매 및 소매업','도매 및 소매업','박지민','010-0000-0006','03076,서울특별시 종로구 창경궁로35가길 13,(혜화동)',7);
Insert into BUYLOCAL.BUSINESS_INFO (B_SHOP_NO,B_PERMIT,B_SHOP_NAME,B_CLASS,B_DETAIL_CLASS,B_OWNER,B_PIC,B_SHOP_ADDRESS,C_NO) values ('1208165266','Y','핸섬꽃집','도매 및 소매업','도매 및 소매업','전정국','010-0000-0007','03937,서울특별시 마포구 월드컵로 212,(성산동)',8);
Insert into BUYLOCAL.BUSINESS_INFO (B_SHOP_NO,B_PERMIT,B_SHOP_NAME,B_CLASS,B_DETAIL_CLASS,B_OWNER,B_PIC,B_SHOP_ADDRESS,C_NO) values ('1298208745','Y','마포몰','도매 및 소매업','도매 및 소매업','장범석','010-0000-0008','03900,서울특별시 마포구 가양대로 3,(상암동)',9);
Insert into BUYLOCAL.BUSINESS_INFO (B_SHOP_NO,B_PERMIT,B_SHOP_NAME,B_CLASS,B_DETAIL_CLASS,B_OWNER,B_PIC,B_SHOP_ADDRESS,C_NO) values ('1234567890','Y','리자떡볶이','숙박 및 음식점업','숙박 및 음식점업','이태수','010-0000-0009','07663,서울특별시 강서구 화곡로44나길 72,(화곡동)',10);
Insert into BUYLOCAL.BUSINESS_INFO (B_SHOP_NO,B_PERMIT,B_SHOP_NAME,B_CLASS,B_DETAIL_CLASS,B_OWNER,B_PIC,B_SHOP_ADDRESS,C_NO) values ('4188154502','Y','강서마트','도매 및 소매업','도매 및 소매업','최형우','010-0000-0010','07532,서울특별시 강서구 양천로59길 38,(가양동)',11);
REM INSERTING into BUYLOCAL.CART
SET DEFINE OFF;
Insert into BUYLOCAL.CART (CART_NO,C_NO,P_NO,QUANTITY) values (50,2,32,1);
Insert into BUYLOCAL.CART (CART_NO,C_NO,P_NO,QUANTITY) values (51,2,10,1);
Insert into BUYLOCAL.CART (CART_NO,C_NO,P_NO,QUANTITY) values (52,2,30,1);
Insert into BUYLOCAL.CART (CART_NO,C_NO,P_NO,QUANTITY) values (55,2,12,1);
Insert into BUYLOCAL.CART (CART_NO,C_NO,P_NO,QUANTITY) values (61,50,38,1);
Insert into BUYLOCAL.CART (CART_NO,C_NO,P_NO,QUANTITY) values (62,50,23,1);
Insert into BUYLOCAL.CART (CART_NO,C_NO,P_NO,QUANTITY) values (63,50,24,1);
Insert into BUYLOCAL.CART (CART_NO,C_NO,P_NO,QUANTITY) values (79,59,38,1);
Insert into BUYLOCAL.CART (CART_NO,C_NO,P_NO,QUANTITY) values (81,59,40,1);
Insert into BUYLOCAL.CART (CART_NO,C_NO,P_NO,QUANTITY) values (71,1,37,1);
Insert into BUYLOCAL.CART (CART_NO,C_NO,P_NO,QUANTITY) values (78,59,24,1);
REM INSERTING into BUYLOCAL.CATEGORY
SET DEFINE OFF;
Insert into BUYLOCAL.CATEGORY (CG_CODE,CG_NAME) values ('C1','디지털/가전');
Insert into BUYLOCAL.CATEGORY (CG_CODE,CG_NAME) values ('C2','의류/패션잡화');
Insert into BUYLOCAL.CATEGORY (CG_CODE,CG_NAME) values ('C3','뷰티/미용');
Insert into BUYLOCAL.CATEGORY (CG_CODE,CG_NAME) values ('C4','스포츠/레저');
Insert into BUYLOCAL.CATEGORY (CG_CODE,CG_NAME) values ('C5','도서/티켓/음반');
Insert into BUYLOCAL.CATEGORY (CG_CODE,CG_NAME) values ('C6','가구/인테리어');
Insert into BUYLOCAL.CATEGORY (CG_CODE,CG_NAME) values ('C7','신선/가공식품');
Insert into BUYLOCAL.CATEGORY (CG_CODE,CG_NAME) values ('C8','게임/취미');
Insert into BUYLOCAL.CATEGORY (CG_CODE,CG_NAME) values ('C9','반려동물용품');
Insert into BUYLOCAL.CATEGORY (CG_CODE,CG_NAME) values ('C10','기타');
Insert into BUYLOCAL.CATEGORY (CG_CODE,CG_NAME) values ('T1','한식');
Insert into BUYLOCAL.CATEGORY (CG_CODE,CG_NAME) values ('T2','중식');
Insert into BUYLOCAL.CATEGORY (CG_CODE,CG_NAME) values ('T3','일식');
Insert into BUYLOCAL.CATEGORY (CG_CODE,CG_NAME) values ('T4','양식');
Insert into BUYLOCAL.CATEGORY (CG_CODE,CG_NAME) values ('T5','커피/제과');
Insert into BUYLOCAL.CATEGORY (CG_CODE,CG_NAME) values ('T6','땡처리기타');
REM INSERTING into BUYLOCAL.CUSTOMER
SET DEFINE OFF;
Insert into BUYLOCAL.CUSTOMER (C_NO,C_NAME,C_ID,C_PWD,C_EMAIL,C_ADDRESS,C_STATUS,C_PHONE,C_ENROLLDATE,C_LEVEL) values (1,'관리자','admin','$2a$10$1.faO3y.d2j1BjyFEPpH0.Dp9tpQ62VTiW9s.fwmbQQI8ECBC8y/6','lko4400@naver.com','06234,서울특별시 강남구 테헤란로10길 9,(역삼동)','Y','010-0000-0000',to_date('20/01/22','RR/MM/DD'),'일반');
Insert into BUYLOCAL.CUSTOMER (C_NO,C_NAME,C_ID,C_PWD,C_EMAIL,C_ADDRESS,C_STATUS,C_PHONE,C_ENROLLDATE,C_LEVEL) values (2,'김석진','bangtan1','$2a$10$1.faO3y.d2j1BjyFEPpH0.Dp9tpQ62VTiW9s.fwmbQQI8ECBC8y/6','lko4400@naver.com','02844,서울특별시 성북구 보문로34다길 2,(돈암동)','Y','010-0000-0001',to_date('20/01/22','RR/MM/DD'),'일반');
Insert into BUYLOCAL.CUSTOMER (C_NO,C_NAME,C_ID,C_PWD,C_EMAIL,C_ADDRESS,C_STATUS,C_PHONE,C_ENROLLDATE,C_LEVEL) values (3,'민윤기','bangtan2','$2a$10$1.faO3y.d2j1BjyFEPpH0.Dp9tpQ62VTiW9s.fwmbQQI8ECBC8y/6','lko4400@naver.com','02844,서울특별시 성북구 보문로30길 50,(돈암동)','Y','010-0000-0002',to_date('20/01/22','RR/MM/DD'),'사업자');
Insert into BUYLOCAL.CUSTOMER (C_NO,C_NAME,C_ID,C_PWD,C_EMAIL,C_ADDRESS,C_STATUS,C_PHONE,C_ENROLLDATE,C_LEVEL) values (4,'김남준','bangtan3','$2a$10$1.faO3y.d2j1BjyFEPpH0.Dp9tpQ62VTiW9s.fwmbQQI8ECBC8y/6','lko4400@naver.com','06090,서울특별시 강남구 학동로 426,(삼성동)','N','010-0000-0003',to_date('20/01/22','RR/MM/DD'),'사업자');
Insert into BUYLOCAL.CUSTOMER (C_NO,C_NAME,C_ID,C_PWD,C_EMAIL,C_ADDRESS,C_STATUS,C_PHONE,C_ENROLLDATE,C_LEVEL) values (5,'정호석','bangtan4','$2a$10$1.faO3y.d2j1BjyFEPpH0.Dp9tpQ62VTiW9s.fwmbQQI8ECBC8y/6','lko4400@naver.com','06085,서울특별시 강남구 삼성로 628,(삼성동)','N','010-0000-0004',to_date('20/01/22','RR/MM/DD'),'사업자');
Insert into BUYLOCAL.CUSTOMER (C_NO,C_NAME,C_ID,C_PWD,C_EMAIL,C_ADDRESS,C_STATUS,C_PHONE,C_ENROLLDATE,C_LEVEL) values (6,'김태형','bangtan5','$2a$10$1.faO3y.d2j1BjyFEPpH0.Dp9tpQ62VTiW9s.fwmbQQI8ECBC8y/6','lko4400@naver.com','03153,서울특별시 종로구 삼봉로 43,(수송동)','N','010-0000-0005',to_date('20/01/22','RR/MM/DD'),'사업자');
Insert into BUYLOCAL.CUSTOMER (C_NO,C_NAME,C_ID,C_PWD,C_EMAIL,C_ADDRESS,C_STATUS,C_PHONE,C_ENROLLDATE,C_LEVEL) values (7,'박지민','bangtan6','$2a$10$1.faO3y.d2j1BjyFEPpH0.Dp9tpQ62VTiW9s.fwmbQQI8ECBC8y/6','lko4400@naver.com','03076,서울특별시 종로구 창경궁로35가길 13,(혜화동)','Y','010-0000-0006',to_date('20/01/22','RR/MM/DD'),'사업자');
Insert into BUYLOCAL.CUSTOMER (C_NO,C_NAME,C_ID,C_PWD,C_EMAIL,C_ADDRESS,C_STATUS,C_PHONE,C_ENROLLDATE,C_LEVEL) values (8,'전정국','bangtan7','$2a$10$1.faO3y.d2j1BjyFEPpH0.Dp9tpQ62VTiW9s.fwmbQQI8ECBC8y/6','lko4400@naver.com','03937	,서울특별시 마포구 월드컵로 212,(성산동)

','Y','010-0000-0007',to_date('20/01/22','RR/MM/DD'),'사업자');
Insert into BUYLOCAL.CUSTOMER (C_NO,C_NAME,C_ID,C_PWD,C_EMAIL,C_ADDRESS,C_STATUS,C_PHONE,C_ENROLLDATE,C_LEVEL) values (9,'장범석','iamjbs','$2a$10$1.faO3y.d2j1BjyFEPpH0.Dp9tpQ62VTiW9s.fwmbQQI8ECBC8y/6','lko4400@naver.com','03900,서울특별시 마포구 가양대로 3,(상암동)','Y','010-0000-0008',to_date('20/01/22','RR/MM/DD'),'사업자');
Insert into BUYLOCAL.CUSTOMER (C_NO,C_NAME,C_ID,C_PWD,C_EMAIL,C_ADDRESS,C_STATUS,C_PHONE,C_ENROLLDATE,C_LEVEL) values (10,'이태수','iamlts','$2a$10$1.faO3y.d2j1BjyFEPpH0.Dp9tpQ62VTiW9s.fwmbQQI8ECBC8y/6','lko4400@naver.com','07663,서울특별시 강서구 화곡로44나길 72,(화곡동)','Y','010-0000-0009',to_date('20/01/22','RR/MM/DD'),'사업자');
Insert into BUYLOCAL.CUSTOMER (C_NO,C_NAME,C_ID,C_PWD,C_EMAIL,C_ADDRESS,C_STATUS,C_PHONE,C_ENROLLDATE,C_LEVEL) values (11,'최형우','iamchw','$2a$10$1.faO3y.d2j1BjyFEPpH0.Dp9tpQ62VTiW9s.fwmbQQI8ECBC8y/6','lko4400@naver.com','07532,서울특별시 강서구 양천로59길 38,(가양동)','Y','010-0000-0010',to_date('20/01/22','RR/MM/DD'),'사업자');
Insert into BUYLOCAL.CUSTOMER (C_NO,C_NAME,C_ID,C_PWD,C_EMAIL,C_ADDRESS,C_STATUS,C_PHONE,C_ENROLLDATE,C_LEVEL) values (12,'문소망','iammsm','$2a$10$IPF01vW.mD98SaOtTMkg1O5p90P8ZaFk6MdA4QbdFa7uzK4EAfgl6','lko4400@naver.com','03176,서울특별시 종로구 경희궁1길 20,(신문로2가)','Y','010-0000-0011',to_date('20/01/22','RR/MM/DD'),'일반');
Insert into BUYLOCAL.CUSTOMER (C_NO,C_NAME,C_ID,C_PWD,C_EMAIL,C_ADDRESS,C_STATUS,C_PHONE,C_ENROLLDATE,C_LEVEL) values (13,'박규내','iampgn','$2a$10$1.faO3y.d2j1BjyFEPpH0.Dp9tpQ62VTiW9s.fwmbQQI8ECBC8y/6','lko4400@naver.com','04106	,서울특별시 마포구 고산16길 12,(대흥동)
','Y','010-0000-0012',to_date('20/01/22','RR/MM/DD'),'일반');
Insert into BUYLOCAL.CUSTOMER (C_NO,C_NAME,C_ID,C_PWD,C_EMAIL,C_ADDRESS,C_STATUS,C_PHONE,C_ENROLLDATE,C_LEVEL) values (50,'어드민1','admin1','$2a$10$1.faO3y.d2j1BjyFEPpH0.Dp9tpQ62VTiW9s.fwmbQQI8ECBC8y/6','lko4400@naver.com','06000,서울 강남구 강남대로 708,  (압구정동)','Y','010-0000-0000',to_date('20/02/03','RR/MM/DD'),'일반');
Insert into BUYLOCAL.CUSTOMER (C_NO,C_NAME,C_ID,C_PWD,C_EMAIL,C_ADDRESS,C_STATUS,C_PHONE,C_ENROLLDATE,C_LEVEL) values (51,'어드민2','admin2','$2a$10$1.faO3y.d2j1BjyFEPpH0.Dp9tpQ62VTiW9s.fwmbQQI8ECBC8y/6','lko4400@naver.com','06364,서울 성북구 밤고개로 120,  (자곡동)','Y','000-000-0000',to_date('20/02/03','RR/MM/DD'),'일반');
Insert into BUYLOCAL.CUSTOMER (C_NO,C_NAME,C_ID,C_PWD,C_EMAIL,C_ADDRESS,C_STATUS,C_PHONE,C_ENROLLDATE,C_LEVEL) values (54,'user01','user01','$2a$10$1.faO3y.d2j1BjyFEPpH0.Dp9tpQ62VTiW9s.fwmbQQI8ECBC8y/6','lko4400@naver.com','06267,서울 강남구 강남대로 238,  (도곡동)','Y','01012345678',to_date('20/02/06','RR/MM/DD'),'일반');
Insert into BUYLOCAL.CUSTOMER (C_NO,C_NAME,C_ID,C_PWD,C_EMAIL,C_ADDRESS,C_STATUS,C_PHONE,C_ENROLLDATE,C_LEVEL) values (59,'조배성','whqotjd','$2a$10$.s76f/SVEFlhVNhmftbe4eV.n/69JHmLO8p8TclO8g2wDyenExp4.','whqotjd@naver.com','06267,서울 강남구 강남대로 238,  (도곡동)','Y','01091414811',to_date('20/02/07','RR/MM/DD'),'일반');
Insert into BUYLOCAL.CUSTOMER (C_NO,C_NAME,C_ID,C_PWD,C_EMAIL,C_ADDRESS,C_STATUS,C_PHONE,C_ENROLLDATE,C_LEVEL) values (57,'김두한','kdh123','$2a$10$UWudkm6Q69mkzD7QdVFOJuMUxjkz3oE4Wk6vgqo3OaGaV5VhgTIIq','kdh123@naver.com','123,123, 123','Y','123',to_date('20/02/07','RR/MM/DD'),'일반');
Insert into BUYLOCAL.CUSTOMER (C_NO,C_NAME,C_ID,C_PWD,C_EMAIL,C_ADDRESS,C_STATUS,C_PHONE,C_ENROLLDATE,C_LEVEL) values (58,'강두리','kooda21','$2a$10$Yq9MHmTYlvmPjYXpwTjMF.KKxEIgRDm4JZ5k/ZpJzYZGIsFX54LIm','kooda21@naver.com','서봉로,921번길, 43-16','Y','1231312312',to_date('20/02/07','RR/MM/DD'),'일반');
REM INSERTING into BUYLOCAL.DEAL
SET DEFINE OFF;
Insert into BUYLOCAL.DEAL (D_NO,D_DATE,P_NO,C_NO,D_PRICE,D_AMOUNT,D_METHOD,D_RECEIVER,D_REV_DATE,D_REV_CHECK,D_STATUS,D_UID) values (50,to_date('20/02/03','RR/MM/DD'),9,3,4500,1,'card','장범석',null,'미수령','Y','imp_747052599257');
Insert into BUYLOCAL.DEAL (D_NO,D_DATE,P_NO,C_NO,D_PRICE,D_AMOUNT,D_METHOD,D_RECEIVER,D_REV_DATE,D_REV_CHECK,D_STATUS,D_UID) values (51,to_date('20/02/03','RR/MM/DD'),10,51,4500,1,'card','장범석',null,'미수령','Y','imp_166456563032');
Insert into BUYLOCAL.DEAL (D_NO,D_DATE,P_NO,C_NO,D_PRICE,D_AMOUNT,D_METHOD,D_RECEIVER,D_REV_DATE,D_REV_CHECK,D_STATUS,D_UID) values (52,to_date('20/02/04','RR/MM/DD'),4,50,2500,1,'card','박규내',null,'미수령','Y','imp_998840670128');
Insert into BUYLOCAL.DEAL (D_NO,D_DATE,P_NO,C_NO,D_PRICE,D_AMOUNT,D_METHOD,D_RECEIVER,D_REV_DATE,D_REV_CHECK,D_STATUS,D_UID) values (53,to_date('20/02/05','RR/MM/DD'),24,1,8500,1,'card','장범석',null,'수령','Y','imp_467244059724');
Insert into BUYLOCAL.DEAL (D_NO,D_DATE,P_NO,C_NO,D_PRICE,D_AMOUNT,D_METHOD,D_RECEIVER,D_REV_DATE,D_REV_CHECK,D_STATUS,D_UID) values (100,to_date('20/01/01','RR/MM/DD'),5,12,4000,2,'point','김이수',to_date('20/01/01','RR/MM/DD'),'수령','Y','1234');
Insert into BUYLOCAL.DEAL (D_NO,D_DATE,P_NO,C_NO,D_PRICE,D_AMOUNT,D_METHOD,D_RECEIVER,D_REV_DATE,D_REV_CHECK,D_STATUS,D_UID) values (101,to_date('20/01/01','RR/MM/DD'),6,12,10500,3,'point','장이수',to_date('20/01/01','RR/MM/DD'),'미수령','Y','1235');
Insert into BUYLOCAL.DEAL (D_NO,D_DATE,P_NO,C_NO,D_PRICE,D_AMOUNT,D_METHOD,D_RECEIVER,D_REV_DATE,D_REV_CHECK,D_STATUS,D_UID) values (102,to_date('20/02/02','RR/MM/DD'),7,12,24000,4,'point','박이수',to_date('20/02/02','RR/MM/DD'),'수령','Y','1236');
Insert into BUYLOCAL.DEAL (D_NO,D_DATE,P_NO,C_NO,D_PRICE,D_AMOUNT,D_METHOD,D_RECEIVER,D_REV_DATE,D_REV_CHECK,D_STATUS,D_UID) values (103,to_date('20/03/03','RR/MM/DD'),8,12,22500,5,'point','최이수',to_date('20/03/03','RR/MM/DD'),'미수령','Y','1237');
Insert into BUYLOCAL.DEAL (D_NO,D_DATE,P_NO,C_NO,D_PRICE,D_AMOUNT,D_METHOD,D_RECEIVER,D_REV_DATE,D_REV_CHECK,D_STATUS,D_UID) values (104,to_date('20/04/04','RR/MM/DD'),25,12,72000,6,'point','조이수',to_date('20/04/04','RR/MM/DD'),'미수령','Y','1238');
Insert into BUYLOCAL.DEAL (D_NO,D_DATE,P_NO,C_NO,D_PRICE,D_AMOUNT,D_METHOD,D_RECEIVER,D_REV_DATE,D_REV_CHECK,D_STATUS,D_UID) values (105,to_date('20/05/05','RR/MM/DD'),26,12,6000,1,'point','나이수',to_date('20/05/05','RR/MM/DD'),'미수령','Y','1239');
Insert into BUYLOCAL.DEAL (D_NO,D_DATE,P_NO,C_NO,D_PRICE,D_AMOUNT,D_METHOD,D_RECEIVER,D_REV_DATE,D_REV_CHECK,D_STATUS,D_UID) values (106,to_date('20/06/06','RR/MM/DD'),27,12,150000,10,'point','가이수',to_date('20/06/06','RR/MM/DD'),'미수령','Y','1240');
Insert into BUYLOCAL.DEAL (D_NO,D_DATE,P_NO,C_NO,D_PRICE,D_AMOUNT,D_METHOD,D_RECEIVER,D_REV_DATE,D_REV_CHECK,D_STATUS,D_UID) values (107,to_date('20/07/07','RR/MM/DD'),28,12,24000,12,'point','창이수',to_date('20/07/07','RR/MM/DD'),'미수령','Y','1241');
Insert into BUYLOCAL.DEAL (D_NO,D_DATE,P_NO,C_NO,D_PRICE,D_AMOUNT,D_METHOD,D_RECEIVER,D_REV_DATE,D_REV_CHECK,D_STATUS,D_UID) values (108,to_date('20/08/08','RR/MM/DD'),13,13,45000,3,'point','남궁이수',to_date('20/08/08','RR/MM/DD'),'미수령','Y','1242');
Insert into BUYLOCAL.DEAL (D_NO,D_DATE,P_NO,C_NO,D_PRICE,D_AMOUNT,D_METHOD,D_RECEIVER,D_REV_DATE,D_REV_CHECK,D_STATUS,D_UID) values (109,to_date('20/11/09','RR/MM/DD'),14,13,68000,4,'point','고이수',to_date('20/11/09','RR/MM/DD'),'미수령','Y','1243');
Insert into BUYLOCAL.DEAL (D_NO,D_DATE,P_NO,C_NO,D_PRICE,D_AMOUNT,D_METHOD,D_RECEIVER,D_REV_DATE,D_REV_CHECK,D_STATUS,D_UID) values (110,to_date('20/12/10','RR/MM/DD'),33,13,8000,1,'point','이이수',to_date('20/12/10','RR/MM/DD'),'미수령','Y','1244');
Insert into BUYLOCAL.DEAL (D_NO,D_DATE,P_NO,C_NO,D_PRICE,D_AMOUNT,D_METHOD,D_RECEIVER,D_REV_DATE,D_REV_CHECK,D_STATUS,D_UID) values (111,to_date('20/10/11','RR/MM/DD'),34,13,11000,1,'point','유이수',to_date('20/10/11','RR/MM/DD'),'미수령','Y','1245');
Insert into BUYLOCAL.DEAL (D_NO,D_DATE,P_NO,C_NO,D_PRICE,D_AMOUNT,D_METHOD,D_RECEIVER,D_REV_DATE,D_REV_CHECK,D_STATUS,D_UID) values (54,to_date('20/02/06','RR/MM/DD'),24,1,8500,1,'card','김이찬',null,'미수령','Y','imp_691872556132');
Insert into BUYLOCAL.DEAL (D_NO,D_DATE,P_NO,C_NO,D_PRICE,D_AMOUNT,D_METHOD,D_RECEIVER,D_REV_DATE,D_REV_CHECK,D_STATUS,D_UID) values (55,to_date('20/02/06','RR/MM/DD'),20,10,3000,2,'card','이태수',null,'미수령','Y','imp_919960995580');
Insert into BUYLOCAL.DEAL (D_NO,D_DATE,P_NO,C_NO,D_PRICE,D_AMOUNT,D_METHOD,D_RECEIVER,D_REV_DATE,D_REV_CHECK,D_STATUS,D_UID) values (56,to_date('20/02/06','RR/MM/DD'),24,54,8500,1,'card','장범석',null,'미수령','Y','imp_815272029261');
Insert into BUYLOCAL.DEAL (D_NO,D_DATE,P_NO,C_NO,D_PRICE,D_AMOUNT,D_METHOD,D_RECEIVER,D_REV_DATE,D_REV_CHECK,D_STATUS,D_UID) values (57,to_date('20/02/06','RR/MM/DD'),28,12,2000,2,'card','문소망',null,'수령','Y','imp_427582056641');
Insert into BUYLOCAL.DEAL (D_NO,D_DATE,P_NO,C_NO,D_PRICE,D_AMOUNT,D_METHOD,D_RECEIVER,D_REV_DATE,D_REV_CHECK,D_STATUS,D_UID) values (58,to_date('20/02/07','RR/MM/DD'),17,10,4500,1,'card','이태수',null,'미수령','Y','imp_300387767594');
Insert into BUYLOCAL.DEAL (D_NO,D_DATE,P_NO,C_NO,D_PRICE,D_AMOUNT,D_METHOD,D_RECEIVER,D_REV_DATE,D_REV_CHECK,D_STATUS,D_UID) values (59,to_date('20/02/07','RR/MM/DD'),39,10,2500,1,'card','이태수',null,'미수령','Y','imp_159443593350');
Insert into BUYLOCAL.DEAL (D_NO,D_DATE,P_NO,C_NO,D_PRICE,D_AMOUNT,D_METHOD,D_RECEIVER,D_REV_DATE,D_REV_CHECK,D_STATUS,D_UID) values (60,to_date('20/02/07','RR/MM/DD'),16,9,6000,1,'card','이태수',null,'미수령','Y','imp_287559767699');
Insert into BUYLOCAL.DEAL (D_NO,D_DATE,P_NO,C_NO,D_PRICE,D_AMOUNT,D_METHOD,D_RECEIVER,D_REV_DATE,D_REV_CHECK,D_STATUS,D_UID) values (61,to_date('20/02/07','RR/MM/DD'),28,12,2000,1,'card','홍길동',null,'수령','Y','imp_442545866582');
Insert into BUYLOCAL.DEAL (D_NO,D_DATE,P_NO,C_NO,D_PRICE,D_AMOUNT,D_METHOD,D_RECEIVER,D_REV_DATE,D_REV_CHECK,D_STATUS,D_UID) values (62,to_date('20/02/07','RR/MM/DD'),28,12,2000,1,'card','장범석',null,'수령','Y','imp_215345211799');
REM INSERTING into BUYLOCAL.FAVORITE
SET DEFINE OFF;
Insert into BUYLOCAL.FAVORITE (P_NO,C_NO) values (4,50);
Insert into BUYLOCAL.FAVORITE (P_NO,C_NO) values (12,2);
Insert into BUYLOCAL.FAVORITE (P_NO,C_NO) values (23,50);
Insert into BUYLOCAL.FAVORITE (P_NO,C_NO) values (28,12);
REM INSERTING into BUYLOCAL.LOCAL
SET DEFINE OFF;
Insert into BUYLOCAL.LOCAL (L_CODE,L_NAME) values ('L1','종로구');
Insert into BUYLOCAL.LOCAL (L_CODE,L_NAME) values ('L2','중구');
Insert into BUYLOCAL.LOCAL (L_CODE,L_NAME) values ('L3','용산구');
Insert into BUYLOCAL.LOCAL (L_CODE,L_NAME) values ('L4','성동구');
Insert into BUYLOCAL.LOCAL (L_CODE,L_NAME) values ('L5','광진구');
Insert into BUYLOCAL.LOCAL (L_CODE,L_NAME) values ('L6','동대문구');
Insert into BUYLOCAL.LOCAL (L_CODE,L_NAME) values ('L7','중랑구');
Insert into BUYLOCAL.LOCAL (L_CODE,L_NAME) values ('L8','성북구');
Insert into BUYLOCAL.LOCAL (L_CODE,L_NAME) values ('L9','강북구');
Insert into BUYLOCAL.LOCAL (L_CODE,L_NAME) values ('L10','도봉구');
Insert into BUYLOCAL.LOCAL (L_CODE,L_NAME) values ('L11','노원구');
Insert into BUYLOCAL.LOCAL (L_CODE,L_NAME) values ('L12','은평구');
Insert into BUYLOCAL.LOCAL (L_CODE,L_NAME) values ('L13','서대문구');
Insert into BUYLOCAL.LOCAL (L_CODE,L_NAME) values ('L14','마포구');
Insert into BUYLOCAL.LOCAL (L_CODE,L_NAME) values ('L15','양천구');
Insert into BUYLOCAL.LOCAL (L_CODE,L_NAME) values ('L16','강서구');
Insert into BUYLOCAL.LOCAL (L_CODE,L_NAME) values ('L17','구로구');
Insert into BUYLOCAL.LOCAL (L_CODE,L_NAME) values ('L18','금천구');
Insert into BUYLOCAL.LOCAL (L_CODE,L_NAME) values ('L19','영등포구');
Insert into BUYLOCAL.LOCAL (L_CODE,L_NAME) values ('L20','동작구');
Insert into BUYLOCAL.LOCAL (L_CODE,L_NAME) values ('L21','관악구');
Insert into BUYLOCAL.LOCAL (L_CODE,L_NAME) values ('L22','서초구');
Insert into BUYLOCAL.LOCAL (L_CODE,L_NAME) values ('L23','강남구');
Insert into BUYLOCAL.LOCAL (L_CODE,L_NAME) values ('L24','송파구');
Insert into BUYLOCAL.LOCAL (L_CODE,L_NAME) values ('L25','강동구');
REM INSERTING into BUYLOCAL.NOTICE
SET DEFINE OFF;
Insert into BUYLOCAL.NOTICE (N_NO,N_TITLE,N_DATE,N_STATUS,N_VIEW) values (1,'땡처리/핫딜/나눔게시판 이용 방법',to_date('20/01/31','RR/MM/DD'),'Y',11);
Insert into BUYLOCAL.NOTICE (N_NO,N_TITLE,N_DATE,N_STATUS,N_VIEW) values (2,'사행성 광고글 및 불량 회원, 게시글 신고방법',to_date('20/01/31','RR/MM/DD'),'Y',13);
Insert into BUYLOCAL.NOTICE (N_NO,N_TITLE,N_DATE,N_STATUS,N_VIEW) values (3,'광고 및 이벤트 신청방법',to_date('20/01/31','RR/MM/DD'),'Y',3);
Insert into BUYLOCAL.NOTICE (N_NO,N_TITLE,N_DATE,N_STATUS,N_VIEW) values (4,'상품 등록 방법',to_date('20/01/31','RR/MM/DD'),'Y',6);
Insert into BUYLOCAL.NOTICE (N_NO,N_TITLE,N_DATE,N_STATUS,N_VIEW) values (50,'어드민입니다',to_date('20/02/06','RR/MM/DD'),'Y',4);
Insert into BUYLOCAL.NOTICE (N_NO,N_TITLE,N_DATE,N_STATUS,N_VIEW) values (51,'공지 1',to_date('20/02/07','RR/MM/DD'),'Y',3);
Insert into BUYLOCAL.NOTICE (N_NO,N_TITLE,N_DATE,N_STATUS,N_VIEW) values (52,'공지사항 등록 될까요?',to_date('20/02/07','RR/MM/DD'),'Y',2);
REM INSERTING into BUYLOCAL.PRODUCT
SET DEFINE OFF;
Insert into BUYLOCAL.PRODUCT (P_NO,P_NAME,P_THUMB,P_ORIGINALPRICE,P_FINALPRICE,P_AMOUNT,P_INFO_IMAGE,P_INFO_TEXT,CG_CODE,P_DATE,P_STATUS,L_CODE,P_STARRATE,P_ORIGIN,P_TITLE,P_BOARD,C_NO,P_VOLUME,P_PRODUCT_DATE,P_TREATMENT,P_START_DATE,P_END_DATE) values (1,'수제 케이크','1.jpg',25000,16000,10,'1-1.jpg','특별한 날을 위한 특별한 맛','T5',to_date('20/01/31','RR/MM/DD'),'Y','L23',0,'서울','한정 수량! 스페셜 수제 케이크','땡처리',4,'1호:지름15cm*높이5cm(730g)',to_date('20/01/31','RR/MM/DD'),'냉장보관',to_date('20/01/31','RR/MM/DD'),to_date('20/01/31','RR/MM/DD'));
Insert into BUYLOCAL.PRODUCT (P_NO,P_NAME,P_THUMB,P_ORIGINALPRICE,P_FINALPRICE,P_AMOUNT,P_INFO_IMAGE,P_INFO_TEXT,CG_CODE,P_DATE,P_STATUS,L_CODE,P_STARRATE,P_ORIGIN,P_TITLE,P_BOARD,C_NO,P_VOLUME,P_PRODUCT_DATE,P_TREATMENT,P_START_DATE,P_END_DATE) values (2,'초코 마들렌','2.jpg',3000,2000,25,'1-2.jpg','촉촉하고 달콤해요','T5',to_date('20/01/31','RR/MM/DD'),'Y','L23',0,'서울','아메리카노랑 찰떡궁합','땡처리',4,'1개/30g',to_date('20/01/31','RR/MM/DD'),'냉장보관',to_date('20/01/31','RR/MM/DD'),to_date('20/01/31','RR/MM/DD'));
Insert into BUYLOCAL.PRODUCT (P_NO,P_NAME,P_THUMB,P_ORIGINALPRICE,P_FINALPRICE,P_AMOUNT,P_INFO_IMAGE,P_INFO_TEXT,CG_CODE,P_DATE,P_STATUS,L_CODE,P_STARRATE,P_ORIGIN,P_TITLE,P_BOARD,C_NO,P_VOLUME,P_PRODUCT_DATE,P_TREATMENT,P_START_DATE,P_END_DATE) values (3,'수제 초콜렛','3.jpg',6000,4500,25,'1-3.jpg','가족, 연인 선물에 딱!','T5',to_date('20/01/31','RR/MM/DD'),'Y','L23',0,'서울','100% 생 초콜릿!','땡처리',4,'1박스(10개)/125g',to_date('20/01/31','RR/MM/DD'),'냉장보관',to_date('20/01/31','RR/MM/DD'),to_date('20/01/31','RR/MM/DD'));
Insert into BUYLOCAL.PRODUCT (P_NO,P_NAME,P_THUMB,P_ORIGINALPRICE,P_FINALPRICE,P_AMOUNT,P_INFO_IMAGE,P_INFO_TEXT,CG_CODE,P_DATE,P_STATUS,L_CODE,P_STARRATE,P_ORIGIN,P_TITLE,P_BOARD,C_NO,P_VOLUME,P_PRODUCT_DATE,P_TREATMENT,P_START_DATE,P_END_DATE) values (4,'블루베리 스무디','4.jpg',3500,2500,24,'1-4.jpg','100% 자연산 블루베리','T5',to_date('20/01/31','RR/MM/DD'),'Y','L23',0,'서울','THIS IS 스무디킹','땡처리',4,'1잔/100g',to_date('20/01/31','RR/MM/DD'),'즉시섭취',to_date('20/01/31','RR/MM/DD'),to_date('20/01/31','RR/MM/DD'));
Insert into BUYLOCAL.PRODUCT (P_NO,P_NAME,P_THUMB,P_ORIGINALPRICE,P_FINALPRICE,P_AMOUNT,P_INFO_IMAGE,P_INFO_TEXT,CG_CODE,P_DATE,P_STATUS,L_CODE,P_STARRATE,P_ORIGIN,P_TITLE,P_BOARD,C_NO,P_VOLUME,P_PRODUCT_DATE,P_TREATMENT,P_START_DATE,P_END_DATE) values (5,'무지개떡','5.jpg',4500,2000,38,'1-5.jpg','우리가 어떤 민족입니까? 예로부터 명절 때, 경조사 때 항상 상위에는 떡이 있었습니다….','T1',to_date('20/01/31','RR/MM/DD'),'Y','L1',0,'중국','블랙홀 무지개떡 컬러풀 무지개떡','땡처리',6,'50g',to_date('20/01/31','RR/MM/DD'),'1주일안에 드세요',to_date('20/01/31','RR/MM/DD'),to_date('20/01/31','RR/MM/DD'));
Insert into BUYLOCAL.PRODUCT (P_NO,P_NAME,P_THUMB,P_ORIGINALPRICE,P_FINALPRICE,P_AMOUNT,P_INFO_IMAGE,P_INFO_TEXT,CG_CODE,P_DATE,P_STATUS,L_CODE,P_STARRATE,P_ORIGIN,P_TITLE,P_BOARD,C_NO,P_VOLUME,P_PRODUCT_DATE,P_TREATMENT,P_START_DATE,P_END_DATE) values (6,'시루떡','6.jpg',6000,3500,37,'1-6.jpeg','삭막한 현대인들.. 이웃과는 친해집시다','T1',to_date('20/01/31','RR/MM/DD'),'Y','L1',0,'중국','이사갔을 때 필수품','땡처리',6,'50g',to_date('20/01/31','RR/MM/DD'),'1주일안에 드세요',to_date('20/01/31','RR/MM/DD'),to_date('20/01/31','RR/MM/DD'));
Insert into BUYLOCAL.PRODUCT (P_NO,P_NAME,P_THUMB,P_ORIGINALPRICE,P_FINALPRICE,P_AMOUNT,P_INFO_IMAGE,P_INFO_TEXT,CG_CODE,P_DATE,P_STATUS,L_CODE,P_STARRATE,P_ORIGIN,P_TITLE,P_BOARD,C_NO,P_VOLUME,P_PRODUCT_DATE,P_TREATMENT,P_START_DATE,P_END_DATE) values (7,'가래떡 4개','7.jpg',10000,6000,36,'1-7.jpg','구워먹어도 맛나고 꿀에 찍어먹어도 맛난 가래떡입니다.','T1',to_date('20/01/31','RR/MM/DD'),'Y','L1',0,'중국','다들 집에 꿀은 있죠? 찍어드세요','땡처리',6,'100g',to_date('20/01/31','RR/MM/DD'),'1주일안에 드세요',to_date('20/01/31','RR/MM/DD'),to_date('20/01/31','RR/MM/DD'));
Insert into BUYLOCAL.PRODUCT (P_NO,P_NAME,P_THUMB,P_ORIGINALPRICE,P_FINALPRICE,P_AMOUNT,P_INFO_IMAGE,P_INFO_TEXT,CG_CODE,P_DATE,P_STATUS,L_CODE,P_STARRATE,P_ORIGIN,P_TITLE,P_BOARD,C_NO,P_VOLUME,P_PRODUCT_DATE,P_TREATMENT,P_START_DATE,P_END_DATE) values (8,'꾸르떡','8.jpg',8000,4500,35,'1-8.jpeg','남녀노소 모두 좋아하는 꿀떡','T1',to_date('20/01/31','RR/MM/DD'),'Y','L1',0,'한국','꿀없는 사람은 이거드세용','땡처리',6,'50g',to_date('20/01/31','RR/MM/DD'),'1주일안에 드세요',to_date('20/01/31','RR/MM/DD'),to_date('20/01/31','RR/MM/DD'));
Insert into BUYLOCAL.PRODUCT (P_NO,P_NAME,P_THUMB,P_ORIGINALPRICE,P_FINALPRICE,P_AMOUNT,P_INFO_IMAGE,P_INFO_TEXT,CG_CODE,P_DATE,P_STATUS,L_CODE,P_STARRATE,P_ORIGIN,P_TITLE,P_BOARD,C_NO,P_VOLUME,P_PRODUCT_DATE,P_TREATMENT,P_START_DATE,P_END_DATE) values (9,'물냉면','9.png',7000,4500,9,'1-9.png','예로부터 소수의 양반집만 먹었다던 겨울철 별미 음식','T1',to_date('20/01/31','RR/MM/DD'),'Y','L8',0,'평양','이냉치냉의 지혜가 담긴 겨울 별미','땡처리',2,'1인분/200g',to_date('20/01/31','RR/MM/DD'),'구입즉시 섭취해주세요',to_date('20/01/31','RR/MM/DD'),to_date('20/01/31','RR/MM/DD'));
Insert into BUYLOCAL.PRODUCT (P_NO,P_NAME,P_THUMB,P_ORIGINALPRICE,P_FINALPRICE,P_AMOUNT,P_INFO_IMAGE,P_INFO_TEXT,CG_CODE,P_DATE,P_STATUS,L_CODE,P_STARRATE,P_ORIGIN,P_TITLE,P_BOARD,C_NO,P_VOLUME,P_PRODUCT_DATE,P_TREATMENT,P_START_DATE,P_END_DATE) values (10,'비빔냉면','10.png',7000,4500,9,'1-10.png','예로부터 소수의 양반집만 먹었다던 겨울철 별미 음식','T1',to_date('20/01/31','RR/MM/DD'),'Y','L8',0,'평양','이냉치냉의 지혜가 담긴 겨울 별미','땡처리',2,'1인분/200g',to_date('20/01/31','RR/MM/DD'),'구입즉시 섭취해주세요',to_date('20/01/31','RR/MM/DD'),to_date('20/01/31','RR/MM/DD'));
Insert into BUYLOCAL.PRODUCT (P_NO,P_NAME,P_THUMB,P_ORIGINALPRICE,P_FINALPRICE,P_AMOUNT,P_INFO_IMAGE,P_INFO_TEXT,CG_CODE,P_DATE,P_STATUS,L_CODE,P_STARRATE,P_ORIGIN,P_TITLE,P_BOARD,C_NO,P_VOLUME,P_PRODUCT_DATE,P_TREATMENT,P_START_DATE,P_END_DATE) values (11,'만둣국','11.png',8000,5500,10,'1-11.png','예로부터 소수의 양반집만 먹었다던 겨울철 별미 음식','T1',to_date('20/01/31','RR/MM/DD'),'Y','L8',0,'평양','이냉치냉 보다는 따뜻한 만둣국','땡처리',2,'1인분/200g',to_date('20/01/31','RR/MM/DD'),'구입즉시 섭취해주세요',to_date('20/01/31','RR/MM/DD'),to_date('20/01/31','RR/MM/DD'));
Insert into BUYLOCAL.PRODUCT (P_NO,P_NAME,P_THUMB,P_ORIGINALPRICE,P_FINALPRICE,P_AMOUNT,P_INFO_IMAGE,P_INFO_TEXT,CG_CODE,P_DATE,P_STATUS,L_CODE,P_STARRATE,P_ORIGIN,P_TITLE,P_BOARD,C_NO,P_VOLUME,P_PRODUCT_DATE,P_TREATMENT,P_START_DATE,P_END_DATE) values (12,'떡만둣국','12.png',9000,6000,10,'1-12.png','예로부터 소수의 양반집만 먹었다던 겨울철 별미 음식','T1',to_date('20/01/31','RR/MM/DD'),'Y','L8',0,'평양','그냥 만둣국 보다는 떡만둣국','땡처리',2,'1인분/200g',to_date('20/01/31','RR/MM/DD'),'구입즉시 섭취해주세요',to_date('20/01/31','RR/MM/DD'),to_date('20/01/31','RR/MM/DD'));
Insert into BUYLOCAL.PRODUCT (P_NO,P_NAME,P_THUMB,P_ORIGINALPRICE,P_FINALPRICE,P_AMOUNT,P_INFO_IMAGE,P_INFO_TEXT,CG_CODE,P_DATE,P_STATUS,L_CODE,P_STARRATE,P_ORIGIN,P_TITLE,P_BOARD,C_NO,P_VOLUME,P_PRODUCT_DATE,P_TREATMENT,P_START_DATE,P_END_DATE) values (13,'생화 믹스 꽃다발','13.jpg',23000,15000,2,'1-13.jpg','화사한 노랑노랑 생화 믹스 꽃다발!','T6',to_date('20/01/31','RR/MM/DD'),'Y','L14',0,'서울','졸업식 꽃다발로 강력추천','땡처리',8,'상품별상이',to_date('20/01/31','RR/MM/DD'),'3일 보관가능',to_date('20/01/31','RR/MM/DD'),to_date('20/01/31','RR/MM/DD'));
Insert into BUYLOCAL.PRODUCT (P_NO,P_NAME,P_THUMB,P_ORIGINALPRICE,P_FINALPRICE,P_AMOUNT,P_INFO_IMAGE,P_INFO_TEXT,CG_CODE,P_DATE,P_STATUS,L_CODE,P_STARRATE,P_ORIGIN,P_TITLE,P_BOARD,C_NO,P_VOLUME,P_PRODUCT_DATE,P_TREATMENT,P_START_DATE,P_END_DATE) values (14,'수국 꽃다발','14.jpg
',27000,17000,1,'1-14.jpg','피치밸리, 자몽튤립 믹스 꽃다발!','T6',to_date('20/01/31','RR/MM/DD'),'Y','L14',0,'서울','자몽자몽한 믹스 꽃다발!','땡처리',8,'상품별상이',to_date('20/01/31','RR/MM/DD'),'3일 보관가능',to_date('20/01/31','RR/MM/DD'),to_date('20/01/31','RR/MM/DD'));
Insert into BUYLOCAL.PRODUCT (P_NO,P_NAME,P_THUMB,P_ORIGINALPRICE,P_FINALPRICE,P_AMOUNT,P_INFO_IMAGE,P_INFO_TEXT,CG_CODE,P_DATE,P_STATUS,L_CODE,P_STARRATE,P_ORIGIN,P_TITLE,P_BOARD,C_NO,P_VOLUME,P_PRODUCT_DATE,P_TREATMENT,P_START_DATE,P_END_DATE) values (15,'율마 화분','15.jpg',10000,8000,3,'1-15.jpg','귀여운 율마로 실내 공기를 정화해보세요','T6',to_date('20/01/31','RR/MM/DD'),'Y','L14',0,'서울','미세먼지가 심한 겨울에 필수템','땡처리',8,'25~30cm',to_date('20/01/31','RR/MM/DD'),'없음',to_date('20/01/31','RR/MM/DD'),to_date('20/01/31','RR/MM/DD'));
Insert into BUYLOCAL.PRODUCT (P_NO,P_NAME,P_THUMB,P_ORIGINALPRICE,P_FINALPRICE,P_AMOUNT,P_INFO_IMAGE,P_INFO_TEXT,CG_CODE,P_DATE,P_STATUS,L_CODE,P_STARRATE,P_ORIGIN,P_TITLE,P_BOARD,C_NO,P_VOLUME,P_PRODUCT_DATE,P_TREATMENT,P_START_DATE,P_END_DATE) values (16,'스투키','16.jpg',8000,6000,2,'1-16.jpg','스투키 화분으로 인테리어와 가드닝을 한번에!','T6',to_date('20/01/31','RR/MM/DD'),'Y','L14',0,'서울','선물용 화분으로 인기 폭발!','땡처리',8,'35~42cm',to_date('20/01/31','RR/MM/DD'),'없음',to_date('20/01/31','RR/MM/DD'),to_date('20/01/31','RR/MM/DD'));
Insert into BUYLOCAL.PRODUCT (P_NO,P_NAME,P_THUMB,P_ORIGINALPRICE,P_FINALPRICE,P_AMOUNT,P_INFO_IMAGE,P_INFO_TEXT,CG_CODE,P_DATE,P_STATUS,L_CODE,P_STARRATE,P_ORIGIN,P_TITLE,P_BOARD,C_NO,P_VOLUME,P_PRODUCT_DATE,P_TREATMENT,P_START_DATE,P_END_DATE) values (17,'떡볶이','17.jpg',11000,4500,4,'1-17.jpg','스트레스 받을떈  화끈한 떡볶이 한입!','T1',to_date('20/01/31','RR/MM/DD'),'Y','L16',0,'서울','야식으로 환상궁합 떡볶이','땡처리',10,'1인분/150g',to_date('20/01/31','RR/MM/DD'),'구입즉시 섭취해주세요',to_date('20/01/31','RR/MM/DD'),to_date('20/01/31','RR/MM/DD'));
Insert into BUYLOCAL.PRODUCT (P_NO,P_NAME,P_THUMB,P_ORIGINALPRICE,P_FINALPRICE,P_AMOUNT,P_INFO_IMAGE,P_INFO_TEXT,CG_CODE,P_DATE,P_STATUS,L_CODE,P_STARRATE,P_ORIGIN,P_TITLE,P_BOARD,C_NO,P_VOLUME,P_PRODUCT_DATE,P_TREATMENT,P_START_DATE,P_END_DATE) values (18,'튀김','18.jpg',13000,5000,10,'1-18.jpg','누구나 좋아하는 맛있는 모듬튀김!','T1',to_date('20/01/31','RR/MM/DD'),'Y','L16',0,'서울','싸웠던 친구와 같이먹어도 화해할수있는 음식 튀김','땡처리',10,'1인분/150g',to_date('20/01/31','RR/MM/DD'),'구입즉시 섭취해주세요',to_date('20/01/31','RR/MM/DD'),to_date('20/01/31','RR/MM/DD'));
Insert into BUYLOCAL.PRODUCT (P_NO,P_NAME,P_THUMB,P_ORIGINALPRICE,P_FINALPRICE,P_AMOUNT,P_INFO_IMAGE,P_INFO_TEXT,CG_CODE,P_DATE,P_STATUS,L_CODE,P_STARRATE,P_ORIGIN,P_TITLE,P_BOARD,C_NO,P_VOLUME,P_PRODUCT_DATE,P_TREATMENT,P_START_DATE,P_END_DATE) values (19,'순대','19.jpg',15000,6500,10,'1-19.jpg','떡볶이와 먹으면 환상궁합 순대의 진짜맛','T1',to_date('20/01/31','RR/MM/DD'),'Y','L16',0,'서울','없어서 못파는 한정수량 맛있는 순대','땡처리',10,'1인분/150g',to_date('20/01/31','RR/MM/DD'),'구입즉시 섭취해주세요',to_date('20/01/31','RR/MM/DD'),to_date('20/01/31','RR/MM/DD'));
Insert into BUYLOCAL.PRODUCT (P_NO,P_NAME,P_THUMB,P_ORIGINALPRICE,P_FINALPRICE,P_AMOUNT,P_INFO_IMAGE,P_INFO_TEXT,CG_CODE,P_DATE,P_STATUS,L_CODE,P_STARRATE,P_ORIGIN,P_TITLE,P_BOARD,C_NO,P_VOLUME,P_PRODUCT_DATE,P_TREATMENT,P_START_DATE,P_END_DATE) values (20,'어묵','20.jpg',10000,3000,13,'1-20.jpg','언제먹어도 속이 든든해지는 어묵 한입','T1',to_date('20/01/31','RR/MM/DD'),'Y','L16',0,'서울','어묵의 최고맛 부산어묵','땡처리',10,'1인분/150g',to_date('20/01/31','RR/MM/DD'),'구입즉시 섭취해주세요',to_date('20/01/31','RR/MM/DD'),to_date('20/01/31','RR/MM/DD'));
Insert into BUYLOCAL.PRODUCT (P_NO,P_NAME,P_THUMB,P_ORIGINALPRICE,P_FINALPRICE,P_AMOUNT,P_INFO_IMAGE,P_INFO_TEXT,CG_CODE,P_DATE,P_STATUS,L_CODE,P_STARRATE,P_ORIGIN,P_TITLE,P_BOARD,C_NO,P_VOLUME,P_PRODUCT_DATE,P_TREATMENT,P_START_DATE,P_END_DATE) values (21,'[시집] 사랑을 위한 되풀이','21.png',9000,8500,100,'1-21.png','황인찬 시인의 신간!','C5',to_date('20/01/31','RR/MM/DD'),'Y','L23',0,'파주','작가 친필사인 이벤트!','핫딜',5,'498g',to_date('20/01/31','RR/MM/DD'),'없음',to_date('20/01/31','RR/MM/DD'),to_date('20/02/28','RR/MM/DD'));
Insert into BUYLOCAL.PRODUCT (P_NO,P_NAME,P_THUMB,P_ORIGINALPRICE,P_FINALPRICE,P_AMOUNT,P_INFO_IMAGE,P_INFO_TEXT,CG_CODE,P_DATE,P_STATUS,L_CODE,P_STARRATE,P_ORIGIN,P_TITLE,P_BOARD,C_NO,P_VOLUME,P_PRODUCT_DATE,P_TREATMENT,P_START_DATE,P_END_DATE) values (22,'[매거진] VOSTOK','22.png',18000,17000,100,'1-22.png','홍콩 NOW OR NEVER','C5',to_date('20/01/31','RR/MM/DD'),'Y','L23',0,'파주','홍콩 현지에 간 작가들이 보내온 사진','핫딜',5,'498g',to_date('20/01/31','RR/MM/DD'),'없음',to_date('20/01/31','RR/MM/DD'),to_date('20/02/28','RR/MM/DD'));
Insert into BUYLOCAL.PRODUCT (P_NO,P_NAME,P_THUMB,P_ORIGINALPRICE,P_FINALPRICE,P_AMOUNT,P_INFO_IMAGE,P_INFO_TEXT,CG_CODE,P_DATE,P_STATUS,L_CODE,P_STARRATE,P_ORIGIN,P_TITLE,P_BOARD,C_NO,P_VOLUME,P_PRODUCT_DATE,P_TREATMENT,P_START_DATE,P_END_DATE) values (23,'[격월간지] 릿터','23.png',13000,10000,100,'1-23.png','민음의 문학 격월간지','C5',to_date('20/01/31','RR/MM/DD'),'Y','L23',0,'파주','격월마다 새롭게 만나는 커버 스토리','핫딜',5,'498g',to_date('20/01/31','RR/MM/DD'),'없음',to_date('20/01/31','RR/MM/DD'),to_date('20/02/28','RR/MM/DD'));
Insert into BUYLOCAL.PRODUCT (P_NO,P_NAME,P_THUMB,P_ORIGINALPRICE,P_FINALPRICE,P_AMOUNT,P_INFO_IMAGE,P_INFO_TEXT,CG_CODE,P_DATE,P_STATUS,L_CODE,P_STARRATE,P_ORIGIN,P_TITLE,P_BOARD,C_NO,P_VOLUME,P_PRODUCT_DATE,P_TREATMENT,P_START_DATE,P_END_DATE) values (24,'[시집] 사과 얼마예요','24.png',9000,8500,97,'1-24.png','조정인 시인의 첫 시집','C5',to_date('20/01/31','RR/MM/DD'),'Y','L23',4,'파주','낭독회 티켓 증정!','핫딜',5,'498g',to_date('20/01/31','RR/MM/DD'),'없음',to_date('20/01/31','RR/MM/DD'),to_date('20/02/28','RR/MM/DD'));
Insert into BUYLOCAL.PRODUCT (P_NO,P_NAME,P_THUMB,P_ORIGINALPRICE,P_FINALPRICE,P_AMOUNT,P_INFO_IMAGE,P_INFO_TEXT,CG_CODE,P_DATE,P_STATUS,L_CODE,P_STARRATE,P_ORIGIN,P_TITLE,P_BOARD,C_NO,P_VOLUME,P_PRODUCT_DATE,P_TREATMENT,P_START_DATE,P_END_DATE) values (25,'수박','25.jpg',15000,12000,44,'1-25.jpg','맛있게드세요~','C7',to_date('20/01/31','RR/MM/DD'),'Y','L1',0,'베트남','사실 수박은 겨울에 먹어야 더 맛납니다','핫딜',7,'3kg',to_date('20/01/31','RR/MM/DD'),'냉장보관해주세요',to_date('20/01/31','RR/MM/DD'),to_date('20/02/28','RR/MM/DD'));
Insert into BUYLOCAL.PRODUCT (P_NO,P_NAME,P_THUMB,P_ORIGINALPRICE,P_FINALPRICE,P_AMOUNT,P_INFO_IMAGE,P_INFO_TEXT,CG_CODE,P_DATE,P_STATUS,L_CODE,P_STARRATE,P_ORIGIN,P_TITLE,P_BOARD,C_NO,P_VOLUME,P_PRODUCT_DATE,P_TREATMENT,P_START_DATE,P_END_DATE) values (26,'가지','26.jpg',9000,6000,49,'1-26.jpg','사실 전 가지를 별로 좋아하지 않습니다.','C7',to_date('20/01/31','RR/MM/DD'),'Y','L1',0,'일본','일본 후쿠시마산 가지','핫딜',7,'100~150g',to_date('20/01/31','RR/MM/DD'),'냉장보관해주세요',to_date('20/01/31','RR/MM/DD'),to_date('20/02/28','RR/MM/DD'));
Insert into BUYLOCAL.PRODUCT (P_NO,P_NAME,P_THUMB,P_ORIGINALPRICE,P_FINALPRICE,P_AMOUNT,P_INFO_IMAGE,P_INFO_TEXT,CG_CODE,P_DATE,P_STATUS,L_CODE,P_STARRATE,P_ORIGIN,P_TITLE,P_BOARD,C_NO,P_VOLUME,P_PRODUCT_DATE,P_TREATMENT,P_START_DATE,P_END_DATE) values (27,'목살','27.jpg',20000,15000,40,'1-27.jpg','삼겹살도 좋지만 목살도 맛있어요~','C7',to_date('20/01/31','RR/MM/DD'),'Y','L1',0,'미국','고기는 목살이제!!!','핫딜',7,'1kg',to_date('20/01/31','RR/MM/DD'),'냉동보관해주세요',to_date('20/01/31','RR/MM/DD'),to_date('20/02/28','RR/MM/DD'));
Insert into BUYLOCAL.PRODUCT (P_NO,P_NAME,P_THUMB,P_ORIGINALPRICE,P_FINALPRICE,P_AMOUNT,P_INFO_IMAGE,P_INFO_TEXT,CG_CODE,P_DATE,P_STATUS,L_CODE,P_STARRATE,P_ORIGIN,P_TITLE,P_BOARD,C_NO,P_VOLUME,P_PRODUCT_DATE,P_TREATMENT,P_START_DATE,P_END_DATE) values (28,'초코파이','28.jpg',3000,2000,84,'1-28.jpg','오예스? 카스텔라? 원조는초코파이입니다.','C7',to_date('20/01/31','RR/MM/DD'),'Y','L1',3,'한국','정을 느낄수있는 초코파이 정','핫딜',7,'1박스/468g',to_date('20/01/31','RR/MM/DD'),'무거운 물품을 위에 올려두지마세요',to_date('20/01/31','RR/MM/DD'),to_date('20/02/28','RR/MM/DD'));
Insert into BUYLOCAL.PRODUCT (P_NO,P_NAME,P_THUMB,P_ORIGINALPRICE,P_FINALPRICE,P_AMOUNT,P_INFO_IMAGE,P_INFO_TEXT,CG_CODE,P_DATE,P_STATUS,L_CODE,P_STARRATE,P_ORIGIN,P_TITLE,P_BOARD,C_NO,P_VOLUME,P_PRODUCT_DATE,P_TREATMENT,P_START_DATE,P_END_DATE) values (29,'게이밍 144 모니터','29.png',179000,149000,20,'1-29.png','매끄럽고 끊김 없는 최상의 게이밍 환경을 구축하세요','C1',to_date('20/01/31','RR/MM/DD'),'Y','L8',0,'한국','맵리딩을 위한 와일드 모니터','핫딜',3,'상품페이지참조',to_date('20/01/31','RR/MM/DD'),'강한 충격을 주지 마세요 문제가 생길시 1년 무상AS 지원해드립니다',to_date('20/01/31','RR/MM/DD'),to_date('20/02/28','RR/MM/DD'));
Insert into BUYLOCAL.PRODUCT (P_NO,P_NAME,P_THUMB,P_ORIGINALPRICE,P_FINALPRICE,P_AMOUNT,P_INFO_IMAGE,P_INFO_TEXT,CG_CODE,P_DATE,P_STATUS,L_CODE,P_STARRATE,P_ORIGIN,P_TITLE,P_BOARD,C_NO,P_VOLUME,P_PRODUCT_DATE,P_TREATMENT,P_START_DATE,P_END_DATE) values (30,'게이밍 키보드','30.png',34000,27000,20,'1-30.png','자유롭게 스위치 교체가 가능한 커스텀 기계식 키보드','C1',to_date('20/01/31','RR/MM/DD'),'Y','L8',0,'한국','이 키보드만 사용하면 당신도 챌린저','핫딜',3,'상품페이지참조',to_date('20/01/31','RR/MM/DD'),'강한 충격을 주지 마세요 문제가 생길시 1년 무상AS 지원해드립니다',to_date('20/01/31','RR/MM/DD'),to_date('20/02/28','RR/MM/DD'));
Insert into BUYLOCAL.PRODUCT (P_NO,P_NAME,P_THUMB,P_ORIGINALPRICE,P_FINALPRICE,P_AMOUNT,P_INFO_IMAGE,P_INFO_TEXT,CG_CODE,P_DATE,P_STATUS,L_CODE,P_STARRATE,P_ORIGIN,P_TITLE,P_BOARD,C_NO,P_VOLUME,P_PRODUCT_DATE,P_TREATMENT,P_START_DATE,P_END_DATE) values (31,'게이밍 마우스','31.png',52000,39000,20,'1-31.png','매끄럽고 끊김 없는 최상의 게이밍 환경을 구축하세요','C1',to_date('20/01/31','RR/MM/DD'),'Y','L8',0,'한국','버벅이지 않는 마우스','핫딜',3,'상품페이지참조',to_date('20/01/31','RR/MM/DD'),'강한 충격을 주지 마세요 문제가 생길시 1년 무상AS 지원해드립니다',to_date('20/01/31','RR/MM/DD'),to_date('20/02/28','RR/MM/DD'));
Insert into BUYLOCAL.PRODUCT (P_NO,P_NAME,P_THUMB,P_ORIGINALPRICE,P_FINALPRICE,P_AMOUNT,P_INFO_IMAGE,P_INFO_TEXT,CG_CODE,P_DATE,P_STATUS,L_CODE,P_STARRATE,P_ORIGIN,P_TITLE,P_BOARD,C_NO,P_VOLUME,P_PRODUCT_DATE,P_TREATMENT,P_START_DATE,P_END_DATE) values (32,'게이밍 노트북','32.png',620000,420000,20,'1-32.png','매끄럽고 끊김 없는 최상의 게이밍 환경을 구축하세요','C1',to_date('20/01/31','RR/MM/DD'),'Y','L8',0,'한국','휴대가 용이한 게이밍 노트북','핫딜',3,'상품페이지참조',to_date('20/01/31','RR/MM/DD'),'강한 충격을 주지 마세요 문제가 생길시 1년 무상AS 지원해드립니다',to_date('20/01/31','RR/MM/DD'),to_date('20/02/28','RR/MM/DD'));
Insert into BUYLOCAL.PRODUCT (P_NO,P_NAME,P_THUMB,P_ORIGINALPRICE,P_FINALPRICE,P_AMOUNT,P_INFO_IMAGE,P_INFO_TEXT,CG_CODE,P_DATE,P_STATUS,L_CODE,P_STARRATE,P_ORIGIN,P_TITLE,P_BOARD,C_NO,P_VOLUME,P_PRODUCT_DATE,P_TREATMENT,P_START_DATE,P_END_DATE) values (33,'냉동 물만두','33.jpg',10000,8000,49,'1-33.jpg','출출한 밤에 야식으로 만두?','C7',to_date('20/01/31','RR/MM/DD'),'Y','L14',0,'안성','출출한 밤에 야식으로 만두?','핫딜',9,'1봉지/370g',to_date('20/01/31','RR/MM/DD'),'냉동보관',to_date('20/01/31','RR/MM/DD'),to_date('20/02/28','RR/MM/DD'));
Insert into BUYLOCAL.PRODUCT (P_NO,P_NAME,P_THUMB,P_ORIGINALPRICE,P_FINALPRICE,P_AMOUNT,P_INFO_IMAGE,P_INFO_TEXT,CG_CODE,P_DATE,P_STATUS,L_CODE,P_STARRATE,P_ORIGIN,P_TITLE,P_BOARD,C_NO,P_VOLUME,P_PRODUCT_DATE,P_TREATMENT,P_START_DATE,P_END_DATE) values (34,'두유','34.jpg',12000,11000,49,'1-34.jpg','아침을 든든하게 만들어주는 모닝 두유','C7',to_date('20/01/31','RR/MM/DD'),'Y','L14',0,'안성','아침을 든든하게 만들어주는 모닝 두유','핫딜',9,'1개(190ml) * 24개입 ',to_date('20/01/31','RR/MM/DD'),'실온보관 가능',to_date('20/01/31','RR/MM/DD'),to_date('20/02/28','RR/MM/DD'));
Insert into BUYLOCAL.PRODUCT (P_NO,P_NAME,P_THUMB,P_ORIGINALPRICE,P_FINALPRICE,P_AMOUNT,P_INFO_IMAGE,P_INFO_TEXT,CG_CODE,P_DATE,P_STATUS,L_CODE,P_STARRATE,P_ORIGIN,P_TITLE,P_BOARD,C_NO,P_VOLUME,P_PRODUCT_DATE,P_TREATMENT,P_START_DATE,P_END_DATE) values (35,'마스크','35.jpg',30000,20000,50,'1-35.jpg','코로나 바이러스에서 내 몸을 지켜주는','C10',to_date('20/01/31','RR/MM/DD'),'Y','L14',0,'아산','코로나 바이러스에서 내 몸을 지켜주는','핫딜',9,'1박스(30개입)',to_date('20/01/31','RR/MM/DD'),'없음',to_date('20/01/31','RR/MM/DD'),to_date('20/02/28','RR/MM/DD'));
Insert into BUYLOCAL.PRODUCT (P_NO,P_NAME,P_THUMB,P_ORIGINALPRICE,P_FINALPRICE,P_AMOUNT,P_INFO_IMAGE,P_INFO_TEXT,CG_CODE,P_DATE,P_STATUS,L_CODE,P_STARRATE,P_ORIGIN,P_TITLE,P_BOARD,C_NO,P_VOLUME,P_PRODUCT_DATE,P_TREATMENT,P_START_DATE,P_END_DATE) values (36,'제니쿠키','36.jpg',25000,21000,100,'1-36.jpg','홍콩 유명 쿠키집을 만나다','C7',to_date('20/01/31','RR/MM/DD'),'Y','L14',0,'홍콩','특가로 만나는 원조 제니쿠키','핫딜',9,'320g',to_date('20/01/31','RR/MM/DD'),'3일 이내 섭취',to_date('20/01/31','RR/MM/DD'),to_date('20/02/28','RR/MM/DD'));
Insert into BUYLOCAL.PRODUCT (P_NO,P_NAME,P_THUMB,P_ORIGINALPRICE,P_FINALPRICE,P_AMOUNT,P_INFO_IMAGE,P_INFO_TEXT,CG_CODE,P_DATE,P_STATUS,L_CODE,P_STARRATE,P_ORIGIN,P_TITLE,P_BOARD,C_NO,P_VOLUME,P_PRODUCT_DATE,P_TREATMENT,P_START_DATE,P_END_DATE) values (37,'양배추즙','37.jpg',12500,4800,30,'1-37.jpg','모 가수가 아침마다 챙겨먹는다는 그 양배추즙','C7',to_date('20/01/31','RR/MM/DD'),'Y','L23',0,'서울','건강을 위한 양배추즙!','핫딜',11,'1박스(30포)',to_date('20/01/31','RR/MM/DD'),'냉장보관',to_date('20/01/31','RR/MM/DD'),to_date('20/02/28','RR/MM/DD'));
Insert into BUYLOCAL.PRODUCT (P_NO,P_NAME,P_THUMB,P_ORIGINALPRICE,P_FINALPRICE,P_AMOUNT,P_INFO_IMAGE,P_INFO_TEXT,CG_CODE,P_DATE,P_STATUS,L_CODE,P_STARRATE,P_ORIGIN,P_TITLE,P_BOARD,C_NO,P_VOLUME,P_PRODUCT_DATE,P_TREATMENT,P_START_DATE,P_END_DATE) values (38,'사과','38.jpg',32500,17500,50,'1-38.jpg','건강에 좋은 아침에 사과 한 개 ','C7',to_date('20/01/31','RR/MM/DD'),'Y','L23',0,'서울','사과하나면 아침 해결!','핫딜',11,'1박스(10kg)',to_date('20/01/31','RR/MM/DD'),'냉장보관',to_date('20/01/31','RR/MM/DD'),to_date('20/02/28','RR/MM/DD'));
Insert into BUYLOCAL.PRODUCT (P_NO,P_NAME,P_THUMB,P_ORIGINALPRICE,P_FINALPRICE,P_AMOUNT,P_INFO_IMAGE,P_INFO_TEXT,CG_CODE,P_DATE,P_STATUS,L_CODE,P_STARRATE,P_ORIGIN,P_TITLE,P_BOARD,C_NO,P_VOLUME,P_PRODUCT_DATE,P_TREATMENT,P_START_DATE,P_END_DATE) values (39,'아이스크림5종','39.jpg',5500,2500,99,'1-39.jpg','식후엔 아이스크림','C7',to_date('20/01/31','RR/MM/DD'),'Y','L23',0,'서울','취향저격 골라먹는 아이스크림','핫딜',11,'품목별상이',to_date('20/01/31','RR/MM/DD'),'냉장보관',to_date('20/01/31','RR/MM/DD'),to_date('20/02/28','RR/MM/DD'));
Insert into BUYLOCAL.PRODUCT (P_NO,P_NAME,P_THUMB,P_ORIGINALPRICE,P_FINALPRICE,P_AMOUNT,P_INFO_IMAGE,P_INFO_TEXT,CG_CODE,P_DATE,P_STATUS,L_CODE,P_STARRATE,P_ORIGIN,P_TITLE,P_BOARD,C_NO,P_VOLUME,P_PRODUCT_DATE,P_TREATMENT,P_START_DATE,P_END_DATE) values (40,'스파게티','40.jpg',11500,5500,40,'1-40.jpg','입맛없을땐 스파게티로 끼니','C7',to_date('20/01/31','RR/MM/DD'),'Y','L23',0,'서울','간단히 해먹기좋은 스파게티','핫딜',11,'250g',to_date('20/01/31','RR/MM/DD'),'냉장보관',to_date('20/01/31','RR/MM/DD'),to_date('20/02/28','RR/MM/DD'));
Insert into BUYLOCAL.PRODUCT (P_NO,P_NAME,P_THUMB,P_ORIGINALPRICE,P_FINALPRICE,P_AMOUNT,P_INFO_IMAGE,P_INFO_TEXT,CG_CODE,P_DATE,P_STATUS,L_CODE,P_STARRATE,P_ORIGIN,P_TITLE,P_BOARD,C_NO,P_VOLUME,P_PRODUCT_DATE,P_TREATMENT,P_START_DATE,P_END_DATE) values (54,'감귤','20200207125549.jpg',6000,5000,100,'20200207125549.jpg','제주 감귤 떨이','T5',to_date('20/02/07','RR/MM/DD'),'Y','L1',0,'제주','생귤탱귤 맛난 제주 감귤','땡처리',7,'1kg',to_date('20/02/01','RR/MM/DD'),'서늘한 곳에 보관',to_date('20/02/07','RR/MM/DD'),to_date('20/02/07','RR/MM/DD'));
REM INSERTING into BUYLOCAL.QNA
SET DEFINE OFF;
Insert into BUYLOCAL.QNA (Q_NO,Q_TITLE,Q_CONTENT,C_NO,Q_ENROLLDATE,Q_STATUS,Q_REPLYDATE) values (50,'dfasd','dfdfd',1,to_date('20/02/05','RR/MM/DD'),'Y',to_date('20/02/05','RR/MM/DD'));
Insert into BUYLOCAL.QNA (Q_NO,Q_TITLE,Q_CONTENT,C_NO,Q_ENROLLDATE,Q_STATUS,Q_REPLYDATE) values (51,'df','df',50,to_date('20/02/05','RR/MM/DD'),'N',to_date('20/02/06','RR/MM/DD'));
Insert into BUYLOCAL.QNA (Q_NO,Q_TITLE,Q_CONTENT,C_NO,Q_ENROLLDATE,Q_STATUS,Q_REPLYDATE) values (52,'555','555',3,to_date('20/02/06','RR/MM/DD'),'N',to_date('20/02/06','RR/MM/DD'));
Insert into BUYLOCAL.QNA (Q_NO,Q_TITLE,Q_CONTENT,C_NO,Q_ENROLLDATE,Q_STATUS,Q_REPLYDATE) values (53,'질문있어요','질문있어요!',12,to_date('20/02/06','RR/MM/DD'),'N',to_date('20/02/06','RR/MM/DD'));
Insert into BUYLOCAL.QNA (Q_NO,Q_TITLE,Q_CONTENT,C_NO,Q_ENROLLDATE,Q_STATUS,Q_REPLYDATE) values (54,'질문합니다','궁금해여',12,to_date('20/02/07','RR/MM/DD'),'N',to_date('20/02/07','RR/MM/DD'));
Insert into BUYLOCAL.QNA (Q_NO,Q_TITLE,Q_CONTENT,C_NO,Q_ENROLLDATE,Q_STATUS,Q_REPLYDATE) values (55,'아싸~!~!~','호랑나비~!~!',57,to_date('20/02/07','RR/MM/DD'),'Y',null);
Insert into BUYLOCAL.QNA (Q_NO,Q_TITLE,Q_CONTENT,C_NO,Q_ENROLLDATE,Q_STATUS,Q_REPLYDATE) values (56,'문의합니다','궁금해요',12,to_date('20/02/07','RR/MM/DD'),'N',to_date('20/02/07','RR/MM/DD'));
REM INSERTING into BUYLOCAL.REPLY
SET DEFINE OFF;
Insert into BUYLOCAL.REPLY (R_NO,SB_NO,C_NO,R_CREATEDATE,R_CONTENT,R_STATUS,R_LEVEL,REF_RNO) values (50,15,1,to_date('20/02/05','RR/MM/DD'),'dd','Y',0,0);
Insert into BUYLOCAL.REPLY (R_NO,SB_NO,C_NO,R_CREATEDATE,R_CONTENT,R_STATUS,R_LEVEL,REF_RNO) values (51,15,1,to_date('20/02/05','RR/MM/DD'),'ddd','Y',1,50);
Insert into BUYLOCAL.REPLY (R_NO,SB_NO,C_NO,R_CREATEDATE,R_CONTENT,R_STATUS,R_LEVEL,REF_RNO) values (52,14,1,to_date('20/02/05','RR/MM/DD'),'dfdfd','Y',0,0);
Insert into BUYLOCAL.REPLY (R_NO,SB_NO,C_NO,R_CREATEDATE,R_CONTENT,R_STATUS,R_LEVEL,REF_RNO) values (53,14,1,to_date('20/02/05','RR/MM/DD'),'dfdf','Y',1,52);
Insert into BUYLOCAL.REPLY (R_NO,SB_NO,C_NO,R_CREATEDATE,R_CONTENT,R_STATUS,R_LEVEL,REF_RNO) values (54,10,1,to_date('20/02/05','RR/MM/DD'),'f','N',0,0);
Insert into BUYLOCAL.REPLY (R_NO,SB_NO,C_NO,R_CREATEDATE,R_CONTENT,R_STATUS,R_LEVEL,REF_RNO) values (55,10,1,to_date('20/02/05','RR/MM/DD'),'f','N',1,54);
Insert into BUYLOCAL.REPLY (R_NO,SB_NO,C_NO,R_CREATEDATE,R_CONTENT,R_STATUS,R_LEVEL,REF_RNO) values (56,50,5,to_date('20/02/06','RR/MM/DD'),'댓글입니다.','N',0,0);
Insert into BUYLOCAL.REPLY (R_NO,SB_NO,C_NO,R_CREATEDATE,R_CONTENT,R_STATUS,R_LEVEL,REF_RNO) values (57,50,5,to_date('20/02/06','RR/MM/DD'),'대댓글입니다!','N',1,56);
Insert into BUYLOCAL.REPLY (R_NO,SB_NO,C_NO,R_CREATEDATE,R_CONTENT,R_STATUS,R_LEVEL,REF_RNO) values (58,1,7,to_date('20/02/06','RR/MM/DD'),'관심있어요!','Y',0,0);
Insert into BUYLOCAL.REPLY (R_NO,SB_NO,C_NO,R_CREATEDATE,R_CONTENT,R_STATUS,R_LEVEL,REF_RNO) values (59,6,7,to_date('20/02/06','RR/MM/DD'),'책 있어요 연락부탁!','N',0,0);
Insert into BUYLOCAL.REPLY (R_NO,SB_NO,C_NO,R_CREATEDATE,R_CONTENT,R_STATUS,R_LEVEL,REF_RNO) values (60,1,7,to_date('20/02/06','RR/MM/DD'),'관심있나요?','Y',1,58);
Insert into BUYLOCAL.REPLY (R_NO,SB_NO,C_NO,R_CREATEDATE,R_CONTENT,R_STATUS,R_LEVEL,REF_RNO) values (61,51,10,to_date('20/02/07','RR/MM/DD'),'혹시 팔렸나요?.. 구매하고싶은데.','Y',0,0);
Insert into BUYLOCAL.REPLY (R_NO,SB_NO,C_NO,R_CREATEDATE,R_CONTENT,R_STATUS,R_LEVEL,REF_RNO) values (62,11,10,to_date('20/02/07','RR/MM/DD'),'아이폰 11을 살려하는데 좋나요?','Y',0,0);
Insert into BUYLOCAL.REPLY (R_NO,SB_NO,C_NO,R_CREATEDATE,R_CONTENT,R_STATUS,R_LEVEL,REF_RNO) values (63,13,12,to_date('20/02/07','RR/MM/DD'),'아니요? 바이로컬에서 사겠습니다.','Y',0,0);
Insert into BUYLOCAL.REPLY (R_NO,SB_NO,C_NO,R_CREATEDATE,R_CONTENT,R_STATUS,R_LEVEL,REF_RNO) values (64,51,2,to_date('20/02/07','RR/MM/DD'),'팔렸대요','Y',1,61);
Insert into BUYLOCAL.REPLY (R_NO,SB_NO,C_NO,R_CREATEDATE,R_CONTENT,R_STATUS,R_LEVEL,REF_RNO) values (65,51,12,to_date('20/02/07','RR/MM/DD'),'버스 같이 탑시다 저도 사고 싶은데','Y',1,61);
Insert into BUYLOCAL.REPLY (R_NO,SB_NO,C_NO,R_CREATEDATE,R_CONTENT,R_STATUS,R_LEVEL,REF_RNO) values (66,51,12,to_date('20/02/07','RR/MM/DD'),'경매 시작합니다 ','Y',0,61);
Insert into BUYLOCAL.REPLY (R_NO,SB_NO,C_NO,R_CREATEDATE,R_CONTENT,R_STATUS,R_LEVEL,REF_RNO) values (67,51,2,to_date('20/02/07','RR/MM/DD'),'제가 사겠습니다 연락주시죠 010-0000-0000','Y',0,61);
Insert into BUYLOCAL.REPLY (R_NO,SB_NO,C_NO,R_CREATEDATE,R_CONTENT,R_STATUS,R_LEVEL,REF_RNO) values (68,51,10,to_date('20/02/07','RR/MM/DD'),'아.. 누구한테 파셨죠?..','Y',0,0);
Insert into BUYLOCAL.REPLY (R_NO,SB_NO,C_NO,R_CREATEDATE,R_CONTENT,R_STATUS,R_LEVEL,REF_RNO) values (69,13,2,to_date('20/02/07','RR/MM/DD'),'매장이름이 어딘가요','Y',0,0);
Insert into BUYLOCAL.REPLY (R_NO,SB_NO,C_NO,R_CREATEDATE,R_CONTENT,R_STATUS,R_LEVEL,REF_RNO) values (70,51,12,to_date('20/02/07','RR/MM/DD'),'20만원부터 ㄱㄱ','Y',1,66);
Insert into BUYLOCAL.REPLY (R_NO,SB_NO,C_NO,R_CREATEDATE,R_CONTENT,R_STATUS,R_LEVEL,REF_RNO) values (71,9,2,to_date('20/02/07','RR/MM/DD'),'? 이렇게 추운데요? 에어컨요? ','Y',0,0);
Insert into BUYLOCAL.REPLY (R_NO,SB_NO,C_NO,R_CREATEDATE,R_CONTENT,R_STATUS,R_LEVEL,REF_RNO) values (72,1,10,to_date('20/02/07','RR/MM/DD'),'포장만 뜯으신거 전화인증 가능하신가요?','Y',0,0);
Insert into BUYLOCAL.REPLY (R_NO,SB_NO,C_NO,R_CREATEDATE,R_CONTENT,R_STATUS,R_LEVEL,REF_RNO) values (73,5,2,to_date('20/02/07','RR/MM/DD'),'저도 없어서 못삽니다....','Y',0,0);
Insert into BUYLOCAL.REPLY (R_NO,SB_NO,C_NO,R_CREATEDATE,R_CONTENT,R_STATUS,R_LEVEL,REF_RNO) values (74,8,2,to_date('20/02/07','RR/MM/DD'),'역삼역에서 직거래 가능한가요?','Y',0,0);
Insert into BUYLOCAL.REPLY (R_NO,SB_NO,C_NO,R_CREATEDATE,R_CONTENT,R_STATUS,R_LEVEL,REF_RNO) values (75,1,2,to_date('20/02/07','RR/MM/DD'),'전화인증 지금 바로 가능합니다! 카톡으로 동영상인증까지 해드릴게요 번호알려주세요!','Y',1,72);
Insert into BUYLOCAL.REPLY (R_NO,SB_NO,C_NO,R_CREATEDATE,R_CONTENT,R_STATUS,R_LEVEL,REF_RNO) values (76,1,7,to_date('20/02/07','RR/MM/DD'),'사고 싶어요','Y',0,0);
Insert into BUYLOCAL.REPLY (R_NO,SB_NO,C_NO,R_CREATEDATE,R_CONTENT,R_STATUS,R_LEVEL,REF_RNO) values (77,6,7,to_date('20/02/07','RR/MM/DD'),'안 사요','N',0,0);
Insert into BUYLOCAL.REPLY (R_NO,SB_NO,C_NO,R_CREATEDATE,R_CONTENT,R_STATUS,R_LEVEL,REF_RNO) values (78,6,7,to_date('20/02/07','RR/MM/DD'),'안 사요','Y',1,59);
Insert into BUYLOCAL.REPLY (R_NO,SB_NO,C_NO,R_CREATEDATE,R_CONTENT,R_STATUS,R_LEVEL,REF_RNO) values (79,14,58,to_date('20/02/07','RR/MM/DD'),'저 ..제가 사두 괜찬을까요?','Y',0,0);
Insert into BUYLOCAL.REPLY (R_NO,SB_NO,C_NO,R_CREATEDATE,R_CONTENT,R_STATUS,R_LEVEL,REF_RNO) values (80,15,57,to_date('20/02/07','RR/MM/DD'),'ㄴㅇㄹㄴㅇㄹ','N',0,0);
Insert into BUYLOCAL.REPLY (R_NO,SB_NO,C_NO,R_CREATEDATE,R_CONTENT,R_STATUS,R_LEVEL,REF_RNO) values (81,12,58,to_date('20/02/07','RR/MM/DD'),'kooda21@naver.com 
감사합니다~','Y',0,0);
Insert into BUYLOCAL.REPLY (R_NO,SB_NO,C_NO,R_CREATEDATE,R_CONTENT,R_STATUS,R_LEVEL,REF_RNO) values (82,1,7,to_date('20/02/07','RR/MM/DD'),'살까 말까 고민 중','N',0,0);
Insert into BUYLOCAL.REPLY (R_NO,SB_NO,C_NO,R_CREATEDATE,R_CONTENT,R_STATUS,R_LEVEL,REF_RNO) values (83,1,7,to_date('20/02/07','RR/MM/DD'),'고민하지 말고 사야겠다','N',1,82);
Insert into BUYLOCAL.REPLY (R_NO,SB_NO,C_NO,R_CREATEDATE,R_CONTENT,R_STATUS,R_LEVEL,REF_RNO) values (84,53,59,to_date('20/02/07','RR/MM/DD'),'사고 싶어요','N',0,0);
REM INSERTING into BUYLOCAL.REPORT
SET DEFINE OFF;
Insert into BUYLOCAL.REPORT (RT_NO,RT_TITLE,RT_CONTENT,RT_DATE,C_NO,RT_CATEGORY,RT_STATUS,RT_DIVIDE,RT_NUM) values (50,'블루베리 스무디','오류에요 오류!!',to_date('20/02/06','RR/MM/DD'),1,'상품정보 오류','Y','1',4);
Insert into BUYLOCAL.REPORT (RT_NO,RT_TITLE,RT_CONTENT,RT_DATE,C_NO,RT_CATEGORY,RT_STATUS,RT_DIVIDE,RT_NUM) values (51,'블루베리 스무디','이번엔 신고확인',to_date('20/02/06','RR/MM/DD'),1,'지적재산권 침해','Y','1',4);
Insert into BUYLOCAL.REPORT (RT_NO,RT_TITLE,RT_CONTENT,RT_DATE,C_NO,RT_CATEGORY,RT_STATUS,RT_DIVIDE,RT_NUM) values (52,'[시집] 사랑을 위한 되풀이','신고확인2',to_date('20/02/06','RR/MM/DD'),1,'지적재산권 침해','N','1',21);
Insert into BUYLOCAL.REPORT (RT_NO,RT_TITLE,RT_CONTENT,RT_DATE,C_NO,RT_CATEGORY,RT_STATUS,RT_DIVIDE,RT_NUM) values (53,'제주감귤 1kg','555',to_date('20/02/06','RR/MM/DD'),3,'미인증 등 관련법위반','N','1',50);
Insert into BUYLOCAL.REPORT (RT_NO,RT_TITLE,RT_CONTENT,RT_DATE,C_NO,RT_CATEGORY,RT_STATUS,RT_DIVIDE,RT_NUM) values (54,'꾸르떡','우리 상품을 도용했어요!',to_date('20/02/06','RR/MM/DD'),12,'기타 불법물','N','1',8);
Insert into BUYLOCAL.REPORT (RT_NO,RT_TITLE,RT_CONTENT,RT_DATE,C_NO,RT_CATEGORY,RT_STATUS,RT_DIVIDE,RT_NUM) values (55,'꾸르떡','꿀이 없어요',to_date('20/02/07','RR/MM/DD'),12,'허위과장광고','Y','1',8);
REM INSERTING into BUYLOCAL.REVIEW
SET DEFINE OFF;
Insert into BUYLOCAL.REVIEW (RV_NO,RV_STARRATE,RV_CONTENT,C_NO,RV_STATUS,P_NO,RV_ENROLLDATE) values (50,3,'good',51,'Y',10,to_date('20/02/03','RR/MM/DD'));
Insert into BUYLOCAL.REVIEW (RV_NO,RV_STARRATE,RV_CONTENT,C_NO,RV_STATUS,P_NO,RV_ENROLLDATE) values (51,4,'신선한 블루베리 스무디가 맛이 참 좋아요',50,'Y',4,to_date('20/02/04','RR/MM/DD'));
Insert into BUYLOCAL.REVIEW (RV_NO,RV_STARRATE,RV_CONTENT,C_NO,RV_STATUS,P_NO,RV_ENROLLDATE) values (52,4,'굿',1,'Y',24,to_date('20/02/05','RR/MM/DD'));
Insert into BUYLOCAL.REVIEW (RV_NO,RV_STARRATE,RV_CONTENT,C_NO,RV_STATUS,P_NO,RV_ENROLLDATE) values (53,5,'굿',54,'Y',24,to_date('20/02/06','RR/MM/DD'));
Insert into BUYLOCAL.REVIEW (RV_NO,RV_STARRATE,RV_CONTENT,C_NO,RV_STATUS,P_NO,RV_ENROLLDATE) values (54,5,'맛있어요',12,'Y',28,to_date('20/02/06','RR/MM/DD'));
Insert into BUYLOCAL.REVIEW (RV_NO,RV_STARRATE,RV_CONTENT,C_NO,RV_STATUS,P_NO,RV_ENROLLDATE) values (55,5,'정이 느껴지는 맛',12,'Y',28,to_date('20/02/07','RR/MM/DD'));
Insert into BUYLOCAL.REVIEW (RV_NO,RV_STARRATE,RV_CONTENT,C_NO,RV_STATUS,P_NO,RV_ENROLLDATE) values (56,1,'정이 느껴지느,ㄴ 맛ㅇ에요 ;...',12,'Y',28,to_date('20/02/07','RR/MM/DD'));
REM INSERTING into BUYLOCAL.SB_CATEGORY
SET DEFINE OFF;
Insert into BUYLOCAL.SB_CATEGORY (SB_CG_CODE,SB_CG_NAME) values ('SB1','삽니다');
Insert into BUYLOCAL.SB_CATEGORY (SB_CG_CODE,SB_CG_NAME) values ('SB2','팝니다');
Insert into BUYLOCAL.SB_CATEGORY (SB_CG_CODE,SB_CG_NAME) values ('SB3','나눕니다');
Insert into BUYLOCAL.SB_CATEGORY (SB_CG_CODE,SB_CG_NAME) values ('SB4','기타');
Insert into BUYLOCAL.SB_CATEGORY (SB_CG_CODE,SB_CG_NAME) values ('SB5','정보공유');
REM INSERTING into BUYLOCAL.SEARCHLIST
SET DEFINE OFF;
Insert into BUYLOCAL.SEARCHLIST (SEARCH_NO,SEARCHSTR,SEARCHCOUNT) values (1,'지역',1);
Insert into BUYLOCAL.SEARCHLIST (SEARCH_NO,SEARCHSTR,SEARCHCOUNT) values (2,'ㅎㅎㅎ',4);
Insert into BUYLOCAL.SEARCHLIST (SEARCH_NO,SEARCHSTR,SEARCHCOUNT) values (3,'h',1);
Insert into BUYLOCAL.SEARCHLIST (SEARCH_NO,SEARCHSTR,SEARCHCOUNT) values (4,'jjj',1);
Insert into BUYLOCAL.SEARCHLIST (SEARCH_NO,SEARCHSTR,SEARCHCOUNT) values (5,'jjjjjjj',1);
Insert into BUYLOCAL.SEARCHLIST (SEARCH_NO,SEARCHSTR,SEARCHCOUNT) values (50,'555',2);
Insert into BUYLOCAL.SEARCHLIST (SEARCH_NO,SEARCHSTR,SEARCHCOUNT) values (51,'dfsadf',1);
Insert into BUYLOCAL.SEARCHLIST (SEARCH_NO,SEARCHSTR,SEARCHCOUNT) values (52,'dfd',2);
Insert into BUYLOCAL.SEARCHLIST (SEARCH_NO,SEARCHSTR,SEARCHCOUNT) values (53,'ffff',1);
Insert into BUYLOCAL.SEARCHLIST (SEARCH_NO,SEARCHSTR,SEARCHCOUNT) values (54,'FHJFJ',1);
Insert into BUYLOCAL.SEARCHLIST (SEARCH_NO,SEARCHSTR,SEARCHCOUNT) values (55,'장범석 바보',21);
Insert into BUYLOCAL.SEARCHLIST (SEARCH_NO,SEARCHSTR,SEARCHCOUNT) values (56,'조배조배성성',1);
Insert into BUYLOCAL.SEARCHLIST (SEARCH_NO,SEARCHSTR,SEARCHCOUNT) values (57,'조조조배배배성성성',11);
Insert into BUYLOCAL.SEARCHLIST (SEARCH_NO,SEARCHSTR,SEARCHCOUNT) values (58,'호호호호호',1);
Insert into BUYLOCAL.SEARCHLIST (SEARCH_NO,SEARCHSTR,SEARCHCOUNT) values (59,'호호호',4);
Insert into BUYLOCAL.SEARCHLIST (SEARCH_NO,SEARCHSTR,SEARCHCOUNT) values (60,'kh',15);
Insert into BUYLOCAL.SEARCHLIST (SEARCH_NO,SEARCHSTR,SEARCHCOUNT) values (61,'kh정보교육원',11);
Insert into BUYLOCAL.SEARCHLIST (SEARCH_NO,SEARCHSTR,SEARCHCOUNT) values (62,'꾸르떡',3);
Insert into BUYLOCAL.SEARCHLIST (SEARCH_NO,SEARCHSTR,SEARCHCOUNT) values (63,'초코파이',7);
Insert into BUYLOCAL.SEARCHLIST (SEARCH_NO,SEARCHSTR,SEARCHCOUNT) values (64,'꿀떡',2);
Insert into BUYLOCAL.SEARCHLIST (SEARCH_NO,SEARCHSTR,SEARCHCOUNT) values (65,'감귤',3);
Insert into BUYLOCAL.SEARCHLIST (SEARCH_NO,SEARCHSTR,SEARCHCOUNT) values (66,'사과',47);
Insert into BUYLOCAL.SEARCHLIST (SEARCH_NO,SEARCHSTR,SEARCHCOUNT) values (67,'아이스크림',50);
Insert into BUYLOCAL.SEARCHLIST (SEARCH_NO,SEARCHSTR,SEARCHCOUNT) values (68,'만둣국',17);
Insert into BUYLOCAL.SEARCHLIST (SEARCH_NO,SEARCHSTR,SEARCHCOUNT) values (69,'냉면',23);
Insert into BUYLOCAL.SEARCHLIST (SEARCH_NO,SEARCHSTR,SEARCHCOUNT) values (70,'???',1);
Insert into BUYLOCAL.SEARCHLIST (SEARCH_NO,SEARCHSTR,SEARCHCOUNT) values (71,'1111',8);
Insert into BUYLOCAL.SEARCHLIST (SEARCH_NO,SEARCHSTR,SEARCHCOUNT) values (72,'시루떡',1);
Insert into BUYLOCAL.SEARCHLIST (SEARCH_NO,SEARCHSTR,SEARCHCOUNT) values (73,'시집',1);
Insert into BUYLOCAL.SEARCHLIST (SEARCH_NO,SEARCHSTR,SEARCHCOUNT) values (74,'마스크',36);
Insert into BUYLOCAL.SEARCHLIST (SEARCH_NO,SEARCHSTR,SEARCHCOUNT) values (75,'삽니다',2);
Insert into BUYLOCAL.SEARCHLIST (SEARCH_NO,SEARCHSTR,SEARCHCOUNT) values (76,'맡트',1);
Insert into BUYLOCAL.SEARCHLIST (SEARCH_NO,SEARCHSTR,SEARCHCOUNT) values (77,'마트',1);
Insert into BUYLOCAL.SEARCHLIST (SEARCH_NO,SEARCHSTR,SEARCHCOUNT) values (78,'팝니다',1);
Insert into BUYLOCAL.SEARCHLIST (SEARCH_NO,SEARCHSTR,SEARCHCOUNT) values (79,'떡',20);
Insert into BUYLOCAL.SEARCHLIST (SEARCH_NO,SEARCHSTR,SEARCHCOUNT) values (80,'홀리몰리',32);
Insert into BUYLOCAL.SEARCHLIST (SEARCH_NO,SEARCHSTR,SEARCHCOUNT) values (81,'아이폰',13);
Insert into BUYLOCAL.SEARCHLIST (SEARCH_NO,SEARCHSTR,SEARCHCOUNT) values (82,'김두한',25);
Insert into BUYLOCAL.SEARCHLIST (SEARCH_NO,SEARCHSTR,SEARCHCOUNT) values (83,'문소망 사랑해',24);
Insert into BUYLOCAL.SEARCHLIST (SEARCH_NO,SEARCHSTR,SEARCHCOUNT) values (84,'유현식',5);
Insert into BUYLOCAL.SEARCHLIST (SEARCH_NO,SEARCHSTR,SEARCHCOUNT) values (85,'<a href="http://192.168.10.45:8090/rendez/home.do">랑데뷰</a>',29);
Insert into BUYLOCAL.SEARCHLIST (SEARCH_NO,SEARCHSTR,SEARCHCOUNT) values (86,'<a href="http://192.168.10.44:8800/codehappy/">코드해피</a>',22);
Insert into BUYLOCAL.SEARCHLIST (SEARCH_NO,SEARCHSTR,SEARCHCOUNT) values (87,'<a href="http://192.168.10.8:8800/homeplus/">홈플러스</a>',46);
Insert into BUYLOCAL.SEARCHLIST (SEARCH_NO,SEARCHSTR,SEARCHCOUNT) values (88,'양배추즙',29);
Insert into BUYLOCAL.SEARCHLIST (SEARCH_NO,SEARCHSTR,SEARCHCOUNT) values (89,'이믙',1);
Insert into BUYLOCAL.SEARCHLIST (SEARCH_NO,SEARCHSTR,SEARCHCOUNT) values (90,'이마트',33);
Insert into BUYLOCAL.SEARCHLIST (SEARCH_NO,SEARCHSTR,SEARCHCOUNT) values (91,'아이스크림5종',18);
Insert into BUYLOCAL.SEARCHLIST (SEARCH_NO,SEARCHSTR,SEARCHCOUNT) values (92,'아이스크림 5종',21);
Insert into BUYLOCAL.SEARCHLIST (SEARCH_NO,SEARCHSTR,SEARCHCOUNT) values (93,'배즙',41);
Insert into BUYLOCAL.SEARCHLIST (SEARCH_NO,SEARCHSTR,SEARCHCOUNT) values (94,'스파게티',30);
Insert into BUYLOCAL.SEARCHLIST (SEARCH_NO,SEARCHSTR,SEARCHCOUNT) values (95,'생선',40);
Insert into BUYLOCAL.SEARCHLIST (SEARCH_NO,SEARCHSTR,SEARCHCOUNT) values (96,'호떡',33);
Insert into BUYLOCAL.SEARCHLIST (SEARCH_NO,SEARCHSTR,SEARCHCOUNT) values (97,'횟감',28);
Insert into BUYLOCAL.SEARCHLIST (SEARCH_NO,SEARCHSTR,SEARCHCOUNT) values (98,'아이고아이고아이고',15);
Insert into BUYLOCAL.SEARCHLIST (SEARCH_NO,SEARCHSTR,SEARCHCOUNT) values (99,'내가 검색어조작왕',73);
Insert into BUYLOCAL.SEARCHLIST (SEARCH_NO,SEARCHSTR,SEARCHCOUNT) values (100,'장범석은각성하라!!!',66);
Insert into BUYLOCAL.SEARCHLIST (SEARCH_NO,SEARCHSTR,SEARCHCOUNT) values (101,'이태수구라쟁이!!!!',65);
Insert into BUYLOCAL.SEARCHLIST (SEARCH_NO,SEARCHSTR,SEARCHCOUNT) values (102,'문소망은소망이냐망고냐',90);
Insert into BUYLOCAL.SEARCHLIST (SEARCH_NO,SEARCHSTR,SEARCHCOUNT) values (103,'규내꼰대',83);
Insert into BUYLOCAL.SEARCHLIST (SEARCH_NO,SEARCHSTR,SEARCHCOUNT) values (104,'최형우 여자친구',100);
Insert into BUYLOCAL.SEARCHLIST (SEARCH_NO,SEARCHSTR,SEARCHCOUNT) values (105,'조배성♡사나',109);
Insert into BUYLOCAL.SEARCHLIST (SEARCH_NO,SEARCHSTR,SEARCHCOUNT) values (106,'<a href="www.naver.com">네이버</a>',209);
REM INSERTING into BUYLOCAL.SHAREBOARD
SET DEFINE OFF;
Insert into BUYLOCAL.SHAREBOARD (SB_NO,SB_TITLE,SB_CONTENT,SB_CREATEDATE,SB_STATUS,C_NO,L_CODE,SB_VIEW,SB_CG_CODE,ORIGINAL_FILE,RENAME_FILENAME) values (1,'에어팟중고팝니다 ','아이팟을 선물받았는데 같은제품이라 
포장만뜯은 제품팝니다 ',to_date('20/01/11','RR/MM/DD'),'Y',2,'L8',13,'SB2',null,null);
Insert into BUYLOCAL.SHAREBOARD (SB_NO,SB_TITLE,SB_CONTENT,SB_CREATEDATE,SB_STATUS,C_NO,L_CODE,SB_VIEW,SB_CG_CODE,ORIGINAL_FILE,RENAME_FILENAME) values (2,'노트북 중고 팝니다',' 제가 IOS개발을 하기위해 맥북을 구매하게 되었는데 쓴지3개월된 노트북 정말깔끔하게 잘사용했습니다 직거래, 택배가능합니다',to_date('20/01/12','RR/MM/DD'),'Y',12,'L1',0,'SB2',null,null);
Insert into BUYLOCAL.SHAREBOARD (SB_NO,SB_TITLE,SB_CONTENT,SB_CREATEDATE,SB_STATUS,C_NO,L_CODE,SB_VIEW,SB_CG_CODE,ORIGINAL_FILE,RENAME_FILENAME) values (3,'닌텐도 중고팝니다.','닌텐도 중고팝니다.',to_date('20/01/13','RR/MM/DD'),'Y',3,'L8',0,'SB2',null,null);
Insert into BUYLOCAL.SHAREBOARD (SB_NO,SB_TITLE,SB_CONTENT,SB_CREATEDATE,SB_STATUS,C_NO,L_CODE,SB_VIEW,SB_CG_CODE,ORIGINAL_FILE,RENAME_FILENAME) values (5,'마스크삽니다','코로나바이러스유행인데 매장에 마스크를안파네요',to_date('20/01/15','RR/MM/DD'),'Y',4,'L23',2,'SB1',null,null);
Insert into BUYLOCAL.SHAREBOARD (SB_NO,SB_TITLE,SB_CONTENT,SB_CREATEDATE,SB_STATUS,C_NO,L_CODE,SB_VIEW,SB_CG_CODE,ORIGINAL_FILE,RENAME_FILENAME) values (6,'정보처리기사 책 삽니다','필기하셨던책도 괜찮습니다 책파실분 댓글주세요',to_date('20/01/16','RR/MM/DD'),'Y',5,'L23',6,'SB1',null,null);
Insert into BUYLOCAL.SHAREBOARD (SB_NO,SB_TITLE,SB_CONTENT,SB_CREATEDATE,SB_STATUS,C_NO,L_CODE,SB_VIEW,SB_CG_CODE,ORIGINAL_FILE,RENAME_FILENAME) values (7,'고양이 장난감 필요하신분','저희집 고양이가 잘 안가지고노는 장난감 나눠드려요!',to_date('20/01/17','RR/MM/DD'),'Y',13,'L14',5,'SB3',null,null);
Insert into BUYLOCAL.SHAREBOARD (SB_NO,SB_TITLE,SB_CONTENT,SB_CREATEDATE,SB_STATUS,C_NO,L_CODE,SB_VIEW,SB_CG_CODE,ORIGINAL_FILE,RENAME_FILENAME) values (8,'책상,의자를 못쓰게되어 나눕니다','책상의자를 바꾸게 되어 남는데 원하시는분 가져가세요 ',to_date('20/01/18','RR/MM/DD'),'Y',6,'L1',3,'SB3',null,null);
Insert into BUYLOCAL.SHAREBOARD (SB_NO,SB_TITLE,SB_CONTENT,SB_CREATEDATE,SB_STATUS,C_NO,L_CODE,SB_VIEW,SB_CG_CODE,ORIGINAL_FILE,RENAME_FILENAME) values (9,'이사를 가게되어 에어컨 받으실분','"집주인이 에어컨 두고가는것을 ',to_date('20/01/19','RR/MM/DD'),'Y',7,'L1',2,'SB3',null,null);
Insert into BUYLOCAL.SHAREBOARD (SB_NO,SB_TITLE,SB_CONTENT,SB_CREATEDATE,SB_STATUS,C_NO,L_CODE,SB_VIEW,SB_CG_CODE,ORIGINAL_FILE,RENAME_FILENAME) values (10,'컴활1급 준비하느라 정리해둔것공유합니다','불쾌하게 생각하네요 가져가실분 댓글이나 번호로 연락주세요"',to_date('20/01/20','RR/MM/DD'),'Y',8,'L14',2,'SB5',null,null);
Insert into BUYLOCAL.SHAREBOARD (SB_NO,SB_TITLE,SB_CONTENT,SB_CREATEDATE,SB_STATUS,C_NO,L_CODE,SB_VIEW,SB_CG_CODE,ORIGINAL_FILE,RENAME_FILENAME) values (11,'현직폰팔이 폰구매 관련질문받습니다','"책도있구요 PDF로 정리 잘 해둔게 있는데 필요하신분 말씀해주세요.',to_date('20/01/21','RR/MM/DD'),'Y',4,'L23',4,'SB5',null,null);
Insert into BUYLOCAL.SHAREBOARD (SB_NO,SB_TITLE,SB_CONTENT,SB_CREATEDATE,SB_STATUS,C_NO,L_CODE,SB_VIEW,SB_CG_CODE,ORIGINAL_FILE,RENAME_FILENAME) values (12,'데이터베이스공부하느라 활용한 table값들 공유합니다',' 이메일 남겨주시면 보내드립니다"',to_date('20/01/22','RR/MM/DD'),'Y',9,'L14',6,'SB5',null,null);
Insert into BUYLOCAL.SHAREBOARD (SB_NO,SB_TITLE,SB_CONTENT,SB_CREATEDATE,SB_STATUS,C_NO,L_CODE,SB_VIEW,SB_CG_CODE,ORIGINAL_FILE,RENAME_FILENAME) values (13,'바이로컬을 통해 구매하신적있는분 댓글주세요','저희매장에서 진행하는 이벤트로 s9 구매하시면 할인혜택보실수있습니다',to_date('20/01/23','RR/MM/DD'),'Y',10,'L16',4,'SB4',null,null);
Insert into BUYLOCAL.SHAREBOARD (SB_NO,SB_TITLE,SB_CONTENT,SB_CREATEDATE,SB_STATUS,C_NO,L_CODE,SB_VIEW,SB_CG_CODE,ORIGINAL_FILE,RENAME_FILENAME) values (14,'역삼역 영어학원오픈했어요 ','자격증겸 취업준비하느라 사용했던 데이터가 많아서  필요하신분 이메일주세요 공부하실때 참고하시면 좋을꺼같아요',to_date('20/02/06','RR/MM/DD'),'Y',11,'L16',8,'SB2','영어학원.png','20200206093814.png');
Insert into BUYLOCAL.SHAREBOARD (SB_NO,SB_TITLE,SB_CONTENT,SB_CREATEDATE,SB_STATUS,C_NO,L_CODE,SB_VIEW,SB_CG_CODE,ORIGINAL_FILE,RENAME_FILENAME) values (15,'고양이도 엄청 똑똑한가봐요','이번에 구매하고 싶은게 있는데 구매하셨던분 후기좀 댓글로 남겨주세요!',to_date('20/01/25','RR/MM/DD'),'Y',5,'L23',12,'SB4',null,null);
Insert into BUYLOCAL.SHAREBOARD (SB_NO,SB_TITLE,SB_CONTENT,SB_CREATEDATE,SB_STATUS,C_NO,L_CODE,SB_VIEW,SB_CG_CODE,ORIGINAL_FILE,RENAME_FILENAME) values (4,'핸드폰 공기계 삽니다','겔럭시시리즈(겔럭시A포함),아이폰삽니다 댓글주세요  ',to_date('20/01/14','RR/MM/DD'),'Y',7,'L1',1,'SB1',null,null);
Insert into BUYLOCAL.SHAREBOARD (SB_NO,SB_TITLE,SB_CONTENT,SB_CREATEDATE,SB_STATUS,C_NO,L_CODE,SB_VIEW,SB_CG_CODE,ORIGINAL_FILE,RENAME_FILENAME) values (50,'팝니다','팝니다!!',to_date('20/02/06','RR/MM/DD'),'N',5,'L23',3,'SB2','th4_jeju_tang-700x778.jpg','20200206110015.jpg');
Insert into BUYLOCAL.SHAREBOARD (SB_NO,SB_TITLE,SB_CONTENT,SB_CREATEDATE,SB_STATUS,C_NO,L_CODE,SB_VIEW,SB_CG_CODE,ORIGINAL_FILE,RENAME_FILENAME) values (51,'에어팟 사고팝니다','연랅주세요',to_date('20/02/06','RR/MM/DD'),'Y',7,'L1',19,'SB2','maxresdefault.jpg','20200206131348.jpg');
Insert into BUYLOCAL.SHAREBOARD (SB_NO,SB_TITLE,SB_CONTENT,SB_CREATEDATE,SB_STATUS,C_NO,L_CODE,SB_VIEW,SB_CG_CODE,ORIGINAL_FILE,RENAME_FILENAME) values (52,'제목입니다','수정함',to_date('20/02/07','RR/MM/DD'),'N',7,'L1',2,'SB2',null,null);
Insert into BUYLOCAL.SHAREBOARD (SB_NO,SB_TITLE,SB_CONTENT,SB_CREATEDATE,SB_STATUS,C_NO,L_CODE,SB_VIEW,SB_CG_CODE,ORIGINAL_FILE,RENAME_FILENAME) values (53,'초코파이 너무 많이 사서 나눕니다','맛있어요 ',to_date('20/02/07','RR/MM/DD'),'Y',7,'L1',2,'SB3','썸네일(감귤초콜릿).jpg','20200207125824.jpg');
--------------------------------------------------------
--  DDL for Index PK_BUSINESS_INFO
--------------------------------------------------------

  CREATE UNIQUE INDEX "BUYLOCAL"."PK_BUSINESS_INFO" ON "BUYLOCAL"."BUSINESS_INFO" ("B_SHOP_NO") 
  PCTFREE 10 INITRANS 2 MAXTRANS 255 COMPUTE STATISTICS 
  STORAGE(INITIAL 65536 NEXT 1048576 MINEXTENTS 1 MAXEXTENTS 2147483645
  PCTINCREASE 0 FREELISTS 1 FREELIST GROUPS 1 BUFFER_POOL DEFAULT FLASH_CACHE DEFAULT CELL_FLASH_CACHE DEFAULT)
  TABLESPACE "SYSTEM" ;
--------------------------------------------------------
--  DDL for Index PK_CART
--------------------------------------------------------

  CREATE UNIQUE INDEX "BUYLOCAL"."PK_CART" ON "BUYLOCAL"."CART" ("CART_NO") 
  PCTFREE 10 INITRANS 2 MAXTRANS 255 COMPUTE STATISTICS 
  STORAGE(INITIAL 65536 NEXT 1048576 MINEXTENTS 1 MAXEXTENTS 2147483645
  PCTINCREASE 0 FREELISTS 1 FREELIST GROUPS 1 BUFFER_POOL DEFAULT FLASH_CACHE DEFAULT CELL_FLASH_CACHE DEFAULT)
  TABLESPACE "SYSTEM" ;
--------------------------------------------------------
--  DDL for Index PK_CATEGORY
--------------------------------------------------------

  CREATE UNIQUE INDEX "BUYLOCAL"."PK_CATEGORY" ON "BUYLOCAL"."CATEGORY" ("CG_CODE") 
  PCTFREE 10 INITRANS 2 MAXTRANS 255 COMPUTE STATISTICS 
  STORAGE(INITIAL 65536 NEXT 1048576 MINEXTENTS 1 MAXEXTENTS 2147483645
  PCTINCREASE 0 FREELISTS 1 FREELIST GROUPS 1 BUFFER_POOL DEFAULT FLASH_CACHE DEFAULT CELL_FLASH_CACHE DEFAULT)
  TABLESPACE "SYSTEM" ;
--------------------------------------------------------
--  DDL for Index PK_CUSTOMER
--------------------------------------------------------

  CREATE UNIQUE INDEX "BUYLOCAL"."PK_CUSTOMER" ON "BUYLOCAL"."CUSTOMER" ("C_NO") 
  PCTFREE 10 INITRANS 2 MAXTRANS 255 COMPUTE STATISTICS 
  STORAGE(INITIAL 65536 NEXT 1048576 MINEXTENTS 1 MAXEXTENTS 2147483645
  PCTINCREASE 0 FREELISTS 1 FREELIST GROUPS 1 BUFFER_POOL DEFAULT FLASH_CACHE DEFAULT CELL_FLASH_CACHE DEFAULT)
  TABLESPACE "SYSTEM" ;
--------------------------------------------------------
--  DDL for Index PK_DEAL
--------------------------------------------------------

  CREATE UNIQUE INDEX "BUYLOCAL"."PK_DEAL" ON "BUYLOCAL"."DEAL" ("D_NO") 
  PCTFREE 10 INITRANS 2 MAXTRANS 255 COMPUTE STATISTICS 
  STORAGE(INITIAL 65536 NEXT 1048576 MINEXTENTS 1 MAXEXTENTS 2147483645
  PCTINCREASE 0 FREELISTS 1 FREELIST GROUPS 1 BUFFER_POOL DEFAULT FLASH_CACHE DEFAULT CELL_FLASH_CACHE DEFAULT)
  TABLESPACE "SYSTEM" ;
--------------------------------------------------------
--  DDL for Index PK_FAVORITE
--------------------------------------------------------

  CREATE UNIQUE INDEX "BUYLOCAL"."PK_FAVORITE" ON "BUYLOCAL"."FAVORITE" ("P_NO", "C_NO") 
  PCTFREE 10 INITRANS 2 MAXTRANS 255 COMPUTE STATISTICS 
  STORAGE(INITIAL 65536 NEXT 1048576 MINEXTENTS 1 MAXEXTENTS 2147483645
  PCTINCREASE 0 FREELISTS 1 FREELIST GROUPS 1 BUFFER_POOL DEFAULT FLASH_CACHE DEFAULT CELL_FLASH_CACHE DEFAULT)
  TABLESPACE "SYSTEM" ;
--------------------------------------------------------
--  DDL for Index PK_LOCAL
--------------------------------------------------------

  CREATE UNIQUE INDEX "BUYLOCAL"."PK_LOCAL" ON "BUYLOCAL"."LOCAL" ("L_CODE") 
  PCTFREE 10 INITRANS 2 MAXTRANS 255 COMPUTE STATISTICS 
  STORAGE(INITIAL 65536 NEXT 1048576 MINEXTENTS 1 MAXEXTENTS 2147483645
  PCTINCREASE 0 FREELISTS 1 FREELIST GROUPS 1 BUFFER_POOL DEFAULT FLASH_CACHE DEFAULT CELL_FLASH_CACHE DEFAULT)
  TABLESPACE "SYSTEM" ;
--------------------------------------------------------
--  DDL for Index PK_NOTICE
--------------------------------------------------------

  CREATE UNIQUE INDEX "BUYLOCAL"."PK_NOTICE" ON "BUYLOCAL"."NOTICE" ("N_NO") 
  PCTFREE 10 INITRANS 2 MAXTRANS 255 COMPUTE STATISTICS 
  STORAGE(INITIAL 65536 NEXT 1048576 MINEXTENTS 1 MAXEXTENTS 2147483645
  PCTINCREASE 0 FREELISTS 1 FREELIST GROUPS 1 BUFFER_POOL DEFAULT FLASH_CACHE DEFAULT CELL_FLASH_CACHE DEFAULT)
  TABLESPACE "SYSTEM" ;
--------------------------------------------------------
--  DDL for Index PK_PRODUCT
--------------------------------------------------------

  CREATE UNIQUE INDEX "BUYLOCAL"."PK_PRODUCT" ON "BUYLOCAL"."PRODUCT" ("P_NO") 
  PCTFREE 10 INITRANS 2 MAXTRANS 255 COMPUTE STATISTICS 
  STORAGE(INITIAL 65536 NEXT 1048576 MINEXTENTS 1 MAXEXTENTS 2147483645
  PCTINCREASE 0 FREELISTS 1 FREELIST GROUPS 1 BUFFER_POOL DEFAULT FLASH_CACHE DEFAULT CELL_FLASH_CACHE DEFAULT)
  TABLESPACE "SYSTEM" ;
--------------------------------------------------------
--  DDL for Index PK_QNA
--------------------------------------------------------

  CREATE UNIQUE INDEX "BUYLOCAL"."PK_QNA" ON "BUYLOCAL"."QNA" ("Q_NO") 
  PCTFREE 10 INITRANS 2 MAXTRANS 255 COMPUTE STATISTICS 
  STORAGE(INITIAL 65536 NEXT 1048576 MINEXTENTS 1 MAXEXTENTS 2147483645
  PCTINCREASE 0 FREELISTS 1 FREELIST GROUPS 1 BUFFER_POOL DEFAULT FLASH_CACHE DEFAULT CELL_FLASH_CACHE DEFAULT)
  TABLESPACE "SYSTEM" ;
--------------------------------------------------------
--  DDL for Index PK_REPLY
--------------------------------------------------------

  CREATE UNIQUE INDEX "BUYLOCAL"."PK_REPLY" ON "BUYLOCAL"."REPLY" ("R_NO") 
  PCTFREE 10 INITRANS 2 MAXTRANS 255 COMPUTE STATISTICS 
  STORAGE(INITIAL 65536 NEXT 1048576 MINEXTENTS 1 MAXEXTENTS 2147483645
  PCTINCREASE 0 FREELISTS 1 FREELIST GROUPS 1 BUFFER_POOL DEFAULT FLASH_CACHE DEFAULT CELL_FLASH_CACHE DEFAULT)
  TABLESPACE "SYSTEM" ;
--------------------------------------------------------
--  DDL for Index PK_REPORT
--------------------------------------------------------

  CREATE UNIQUE INDEX "BUYLOCAL"."PK_REPORT" ON "BUYLOCAL"."REPORT" ("RT_NO") 
  PCTFREE 10 INITRANS 2 MAXTRANS 255 COMPUTE STATISTICS 
  STORAGE(INITIAL 65536 NEXT 1048576 MINEXTENTS 1 MAXEXTENTS 2147483645
  PCTINCREASE 0 FREELISTS 1 FREELIST GROUPS 1 BUFFER_POOL DEFAULT FLASH_CACHE DEFAULT CELL_FLASH_CACHE DEFAULT)
  TABLESPACE "SYSTEM" ;
--------------------------------------------------------
--  DDL for Index PK_REVIEW
--------------------------------------------------------

  CREATE UNIQUE INDEX "BUYLOCAL"."PK_REVIEW" ON "BUYLOCAL"."REVIEW" ("RV_NO") 
  PCTFREE 10 INITRANS 2 MAXTRANS 255 COMPUTE STATISTICS 
  STORAGE(INITIAL 65536 NEXT 1048576 MINEXTENTS 1 MAXEXTENTS 2147483645
  PCTINCREASE 0 FREELISTS 1 FREELIST GROUPS 1 BUFFER_POOL DEFAULT FLASH_CACHE DEFAULT CELL_FLASH_CACHE DEFAULT)
  TABLESPACE "SYSTEM" ;
--------------------------------------------------------
--  DDL for Index PK_SB_CATEGORY
--------------------------------------------------------

  CREATE UNIQUE INDEX "BUYLOCAL"."PK_SB_CATEGORY" ON "BUYLOCAL"."SB_CATEGORY" ("SB_CG_CODE") 
  PCTFREE 10 INITRANS 2 MAXTRANS 255 COMPUTE STATISTICS 
  STORAGE(INITIAL 65536 NEXT 1048576 MINEXTENTS 1 MAXEXTENTS 2147483645
  PCTINCREASE 0 FREELISTS 1 FREELIST GROUPS 1 BUFFER_POOL DEFAULT FLASH_CACHE DEFAULT CELL_FLASH_CACHE DEFAULT)
  TABLESPACE "SYSTEM" ;
--------------------------------------------------------
--  DDL for Index SYS_C0011872
--------------------------------------------------------

  CREATE UNIQUE INDEX "BUYLOCAL"."SYS_C0011872" ON "BUYLOCAL"."SEARCHLIST" ("SEARCH_NO") 
  PCTFREE 10 INITRANS 2 MAXTRANS 255 COMPUTE STATISTICS 
  STORAGE(INITIAL 65536 NEXT 1048576 MINEXTENTS 1 MAXEXTENTS 2147483645
  PCTINCREASE 0 FREELISTS 1 FREELIST GROUPS 1 BUFFER_POOL DEFAULT FLASH_CACHE DEFAULT CELL_FLASH_CACHE DEFAULT)
  TABLESPACE "SYSTEM" ;
--------------------------------------------------------
--  DDL for Index PK_SHAREBOARD
--------------------------------------------------------

  CREATE UNIQUE INDEX "BUYLOCAL"."PK_SHAREBOARD" ON "BUYLOCAL"."SHAREBOARD" ("SB_NO") 
  PCTFREE 10 INITRANS 2 MAXTRANS 255 COMPUTE STATISTICS 
  STORAGE(INITIAL 65536 NEXT 1048576 MINEXTENTS 1 MAXEXTENTS 2147483645
  PCTINCREASE 0 FREELISTS 1 FREELIST GROUPS 1 BUFFER_POOL DEFAULT FLASH_CACHE DEFAULT CELL_FLASH_CACHE DEFAULT)
  TABLESPACE "SYSTEM" ;
--------------------------------------------------------
--  DDL for Trigger REDUCE_PRO
--------------------------------------------------------

  CREATE OR REPLACE TRIGGER "BUYLOCAL"."REDUCE_PRO" 
AFTER INSERT ON DEAL
FOR EACH ROW
BEGIN
IF :NEW.D_AMOUNT > 0
    THEN 
    UPDATE PRODUCT 
    SET P_AMOUNT = P_AMOUNT - :NEW.D_AMOUNT
    WHERE P_NO = :NEW.P_NO;
END IF;
END;
/
ALTER TRIGGER "BUYLOCAL"."REDUCE_PRO" ENABLE;
--------------------------------------------------------
--  Constraints for Table BUSINESS_INFO
--------------------------------------------------------

  ALTER TABLE "BUYLOCAL"."BUSINESS_INFO" ADD CONSTRAINT "PK_BUSINESS_INFO" PRIMARY KEY ("B_SHOP_NO")
  USING INDEX PCTFREE 10 INITRANS 2 MAXTRANS 255 COMPUTE STATISTICS 
  STORAGE(INITIAL 65536 NEXT 1048576 MINEXTENTS 1 MAXEXTENTS 2147483645
  PCTINCREASE 0 FREELISTS 1 FREELIST GROUPS 1 BUFFER_POOL DEFAULT FLASH_CACHE DEFAULT CELL_FLASH_CACHE DEFAULT)
  TABLESPACE "SYSTEM"  ENABLE;
  ALTER TABLE "BUYLOCAL"."BUSINESS_INFO" MODIFY ("C_NO" NOT NULL ENABLE);
  ALTER TABLE "BUYLOCAL"."BUSINESS_INFO" MODIFY ("B_SHOP_ADDRESS" NOT NULL ENABLE);
  ALTER TABLE "BUYLOCAL"."BUSINESS_INFO" MODIFY ("B_PIC" NOT NULL ENABLE);
  ALTER TABLE "BUYLOCAL"."BUSINESS_INFO" MODIFY ("B_OWNER" NOT NULL ENABLE);
  ALTER TABLE "BUYLOCAL"."BUSINESS_INFO" MODIFY ("B_DETAIL_CLASS" NOT NULL ENABLE);
  ALTER TABLE "BUYLOCAL"."BUSINESS_INFO" MODIFY ("B_CLASS" NOT NULL ENABLE);
  ALTER TABLE "BUYLOCAL"."BUSINESS_INFO" MODIFY ("B_SHOP_NAME" NOT NULL ENABLE);
  ALTER TABLE "BUYLOCAL"."BUSINESS_INFO" MODIFY ("B_PERMIT" NOT NULL ENABLE);
  ALTER TABLE "BUYLOCAL"."BUSINESS_INFO" MODIFY ("B_SHOP_NO" NOT NULL ENABLE);
--------------------------------------------------------
--  Constraints for Table CART
--------------------------------------------------------

  ALTER TABLE "BUYLOCAL"."CART" ADD CONSTRAINT "PK_CART" PRIMARY KEY ("CART_NO")
  USING INDEX PCTFREE 10 INITRANS 2 MAXTRANS 255 COMPUTE STATISTICS 
  STORAGE(INITIAL 65536 NEXT 1048576 MINEXTENTS 1 MAXEXTENTS 2147483645
  PCTINCREASE 0 FREELISTS 1 FREELIST GROUPS 1 BUFFER_POOL DEFAULT FLASH_CACHE DEFAULT CELL_FLASH_CACHE DEFAULT)
  TABLESPACE "SYSTEM"  ENABLE;
  ALTER TABLE "BUYLOCAL"."CART" MODIFY ("QUANTITY" NOT NULL ENABLE);
  ALTER TABLE "BUYLOCAL"."CART" MODIFY ("P_NO" NOT NULL ENABLE);
  ALTER TABLE "BUYLOCAL"."CART" MODIFY ("C_NO" NOT NULL ENABLE);
  ALTER TABLE "BUYLOCAL"."CART" MODIFY ("CART_NO" NOT NULL ENABLE);
--------------------------------------------------------
--  Constraints for Table CATEGORY
--------------------------------------------------------

  ALTER TABLE "BUYLOCAL"."CATEGORY" MODIFY ("CG_CODE" NOT NULL ENABLE);
  ALTER TABLE "BUYLOCAL"."CATEGORY" ADD CONSTRAINT "PK_CATEGORY" PRIMARY KEY ("CG_CODE")
  USING INDEX PCTFREE 10 INITRANS 2 MAXTRANS 255 COMPUTE STATISTICS 
  STORAGE(INITIAL 65536 NEXT 1048576 MINEXTENTS 1 MAXEXTENTS 2147483645
  PCTINCREASE 0 FREELISTS 1 FREELIST GROUPS 1 BUFFER_POOL DEFAULT FLASH_CACHE DEFAULT CELL_FLASH_CACHE DEFAULT)
  TABLESPACE "SYSTEM"  ENABLE;
--------------------------------------------------------
--  Constraints for Table CUSTOMER
--------------------------------------------------------

  ALTER TABLE "BUYLOCAL"."CUSTOMER" MODIFY ("C_ENROLLDATE" NOT NULL ENABLE);
  ALTER TABLE "BUYLOCAL"."CUSTOMER" MODIFY ("C_PHONE" NOT NULL ENABLE);
  ALTER TABLE "BUYLOCAL"."CUSTOMER" MODIFY ("C_STATUS" NOT NULL ENABLE);
  ALTER TABLE "BUYLOCAL"."CUSTOMER" MODIFY ("C_ADDRESS" NOT NULL ENABLE);
  ALTER TABLE "BUYLOCAL"."CUSTOMER" MODIFY ("C_EMAIL" NOT NULL ENABLE);
  ALTER TABLE "BUYLOCAL"."CUSTOMER" MODIFY ("C_PWD" NOT NULL ENABLE);
  ALTER TABLE "BUYLOCAL"."CUSTOMER" MODIFY ("C_ID" NOT NULL ENABLE);
  ALTER TABLE "BUYLOCAL"."CUSTOMER" MODIFY ("C_NAME" NOT NULL ENABLE);
  ALTER TABLE "BUYLOCAL"."CUSTOMER" MODIFY ("C_NO" NOT NULL ENABLE);
  ALTER TABLE "BUYLOCAL"."CUSTOMER" ADD CONSTRAINT "PK_CUSTOMER" PRIMARY KEY ("C_NO")
  USING INDEX PCTFREE 10 INITRANS 2 MAXTRANS 255 COMPUTE STATISTICS 
  STORAGE(INITIAL 65536 NEXT 1048576 MINEXTENTS 1 MAXEXTENTS 2147483645
  PCTINCREASE 0 FREELISTS 1 FREELIST GROUPS 1 BUFFER_POOL DEFAULT FLASH_CACHE DEFAULT CELL_FLASH_CACHE DEFAULT)
  TABLESPACE "SYSTEM"  ENABLE;
--------------------------------------------------------
--  Constraints for Table DEAL
--------------------------------------------------------

  ALTER TABLE "BUYLOCAL"."DEAL" MODIFY ("D_STATUS" NOT NULL ENABLE);
  ALTER TABLE "BUYLOCAL"."DEAL" MODIFY ("D_REV_CHECK" NOT NULL ENABLE);
  ALTER TABLE "BUYLOCAL"."DEAL" MODIFY ("D_RECEIVER" NOT NULL ENABLE);
  ALTER TABLE "BUYLOCAL"."DEAL" MODIFY ("D_METHOD" NOT NULL ENABLE);
  ALTER TABLE "BUYLOCAL"."DEAL" MODIFY ("D_AMOUNT" NOT NULL ENABLE);
  ALTER TABLE "BUYLOCAL"."DEAL" MODIFY ("D_PRICE" NOT NULL ENABLE);
  ALTER TABLE "BUYLOCAL"."DEAL" MODIFY ("C_NO" NOT NULL ENABLE);
  ALTER TABLE "BUYLOCAL"."DEAL" MODIFY ("P_NO" NOT NULL ENABLE);
  ALTER TABLE "BUYLOCAL"."DEAL" MODIFY ("D_NO" NOT NULL ENABLE);
  ALTER TABLE "BUYLOCAL"."DEAL" ADD CONSTRAINT "PK_DEAL" PRIMARY KEY ("D_NO")
  USING INDEX PCTFREE 10 INITRANS 2 MAXTRANS 255 COMPUTE STATISTICS 
  STORAGE(INITIAL 65536 NEXT 1048576 MINEXTENTS 1 MAXEXTENTS 2147483645
  PCTINCREASE 0 FREELISTS 1 FREELIST GROUPS 1 BUFFER_POOL DEFAULT FLASH_CACHE DEFAULT CELL_FLASH_CACHE DEFAULT)
  TABLESPACE "SYSTEM"  ENABLE;
--------------------------------------------------------
--  Constraints for Table FAVORITE
--------------------------------------------------------

  ALTER TABLE "BUYLOCAL"."FAVORITE" MODIFY ("C_NO" NOT NULL ENABLE);
  ALTER TABLE "BUYLOCAL"."FAVORITE" MODIFY ("P_NO" NOT NULL ENABLE);
  ALTER TABLE "BUYLOCAL"."FAVORITE" ADD CONSTRAINT "PK_FAVORITE" PRIMARY KEY ("P_NO", "C_NO")
  USING INDEX PCTFREE 10 INITRANS 2 MAXTRANS 255 COMPUTE STATISTICS 
  STORAGE(INITIAL 65536 NEXT 1048576 MINEXTENTS 1 MAXEXTENTS 2147483645
  PCTINCREASE 0 FREELISTS 1 FREELIST GROUPS 1 BUFFER_POOL DEFAULT FLASH_CACHE DEFAULT CELL_FLASH_CACHE DEFAULT)
  TABLESPACE "SYSTEM"  ENABLE;
--------------------------------------------------------
--  Constraints for Table LOCAL
--------------------------------------------------------

  ALTER TABLE "BUYLOCAL"."LOCAL" MODIFY ("L_CODE" NOT NULL ENABLE);
  ALTER TABLE "BUYLOCAL"."LOCAL" ADD CONSTRAINT "PK_LOCAL" PRIMARY KEY ("L_CODE")
  USING INDEX PCTFREE 10 INITRANS 2 MAXTRANS 255 COMPUTE STATISTICS 
  STORAGE(INITIAL 65536 NEXT 1048576 MINEXTENTS 1 MAXEXTENTS 2147483645
  PCTINCREASE 0 FREELISTS 1 FREELIST GROUPS 1 BUFFER_POOL DEFAULT FLASH_CACHE DEFAULT CELL_FLASH_CACHE DEFAULT)
  TABLESPACE "SYSTEM"  ENABLE;
--------------------------------------------------------
--  Constraints for Table NOTICE
--------------------------------------------------------

  ALTER TABLE "BUYLOCAL"."NOTICE" MODIFY ("N_STATUS" NOT NULL ENABLE);
  ALTER TABLE "BUYLOCAL"."NOTICE" MODIFY ("N_CONTENT" NOT NULL ENABLE);
  ALTER TABLE "BUYLOCAL"."NOTICE" MODIFY ("N_NO" NOT NULL ENABLE);
  ALTER TABLE "BUYLOCAL"."NOTICE" ADD CONSTRAINT "PK_NOTICE" PRIMARY KEY ("N_NO")
  USING INDEX PCTFREE 10 INITRANS 2 MAXTRANS 255 COMPUTE STATISTICS 
  STORAGE(INITIAL 65536 NEXT 1048576 MINEXTENTS 1 MAXEXTENTS 2147483645
  PCTINCREASE 0 FREELISTS 1 FREELIST GROUPS 1 BUFFER_POOL DEFAULT FLASH_CACHE DEFAULT CELL_FLASH_CACHE DEFAULT)
  TABLESPACE "SYSTEM"  ENABLE;
--------------------------------------------------------
--  Constraints for Table PRODUCT
--------------------------------------------------------

  ALTER TABLE "BUYLOCAL"."PRODUCT" MODIFY ("C_NO" NOT NULL ENABLE);
  ALTER TABLE "BUYLOCAL"."PRODUCT" MODIFY ("P_BOARD" NOT NULL ENABLE);
  ALTER TABLE "BUYLOCAL"."PRODUCT" MODIFY ("P_TITLE" NOT NULL ENABLE);
  ALTER TABLE "BUYLOCAL"."PRODUCT" MODIFY ("P_ORIGIN" NOT NULL ENABLE);
  ALTER TABLE "BUYLOCAL"."PRODUCT" MODIFY ("P_STARRATE" NOT NULL ENABLE);
  ALTER TABLE "BUYLOCAL"."PRODUCT" MODIFY ("L_CODE" NOT NULL ENABLE);
  ALTER TABLE "BUYLOCAL"."PRODUCT" MODIFY ("P_STATUS" NOT NULL ENABLE);
  ALTER TABLE "BUYLOCAL"."PRODUCT" MODIFY ("CG_CODE" NOT NULL ENABLE);
  ALTER TABLE "BUYLOCAL"."PRODUCT" MODIFY ("P_AMOUNT" NOT NULL ENABLE);
  ALTER TABLE "BUYLOCAL"."PRODUCT" MODIFY ("P_FINALPRICE" NOT NULL ENABLE);
  ALTER TABLE "BUYLOCAL"."PRODUCT" MODIFY ("P_NAME" NOT NULL ENABLE);
  ALTER TABLE "BUYLOCAL"."PRODUCT" MODIFY ("P_NO" NOT NULL ENABLE);
  ALTER TABLE "BUYLOCAL"."PRODUCT" ADD CONSTRAINT "PK_PRODUCT" PRIMARY KEY ("P_NO")
  USING INDEX PCTFREE 10 INITRANS 2 MAXTRANS 255 COMPUTE STATISTICS 
  STORAGE(INITIAL 65536 NEXT 1048576 MINEXTENTS 1 MAXEXTENTS 2147483645
  PCTINCREASE 0 FREELISTS 1 FREELIST GROUPS 1 BUFFER_POOL DEFAULT FLASH_CACHE DEFAULT CELL_FLASH_CACHE DEFAULT)
  TABLESPACE "SYSTEM"  ENABLE;
--------------------------------------------------------
--  Constraints for Table QNA
--------------------------------------------------------

  ALTER TABLE "BUYLOCAL"."QNA" MODIFY ("Q_STATUS" NOT NULL ENABLE);
  ALTER TABLE "BUYLOCAL"."QNA" MODIFY ("Q_ENROLLDATE" NOT NULL ENABLE);
  ALTER TABLE "BUYLOCAL"."QNA" MODIFY ("C_NO" NOT NULL ENABLE);
  ALTER TABLE "BUYLOCAL"."QNA" MODIFY ("Q_NO" NOT NULL ENABLE);
  ALTER TABLE "BUYLOCAL"."QNA" ADD CONSTRAINT "PK_QNA" PRIMARY KEY ("Q_NO")
  USING INDEX PCTFREE 10 INITRANS 2 MAXTRANS 255 COMPUTE STATISTICS 
  STORAGE(INITIAL 65536 NEXT 1048576 MINEXTENTS 1 MAXEXTENTS 2147483645
  PCTINCREASE 0 FREELISTS 1 FREELIST GROUPS 1 BUFFER_POOL DEFAULT FLASH_CACHE DEFAULT CELL_FLASH_CACHE DEFAULT)
  TABLESPACE "SYSTEM"  ENABLE;
--------------------------------------------------------
--  Constraints for Table REPLY
--------------------------------------------------------

  ALTER TABLE "BUYLOCAL"."REPLY" MODIFY ("R_STATUS" NOT NULL ENABLE);
  ALTER TABLE "BUYLOCAL"."REPLY" MODIFY ("C_NO" NOT NULL ENABLE);
  ALTER TABLE "BUYLOCAL"."REPLY" MODIFY ("SB_NO" NOT NULL ENABLE);
  ALTER TABLE "BUYLOCAL"."REPLY" MODIFY ("R_NO" NOT NULL ENABLE);
  ALTER TABLE "BUYLOCAL"."REPLY" ADD CONSTRAINT "PK_REPLY" PRIMARY KEY ("R_NO")
  USING INDEX PCTFREE 10 INITRANS 2 MAXTRANS 255 COMPUTE STATISTICS 
  STORAGE(INITIAL 65536 NEXT 1048576 MINEXTENTS 1 MAXEXTENTS 2147483645
  PCTINCREASE 0 FREELISTS 1 FREELIST GROUPS 1 BUFFER_POOL DEFAULT FLASH_CACHE DEFAULT CELL_FLASH_CACHE DEFAULT)
  TABLESPACE "SYSTEM"  ENABLE;
--------------------------------------------------------
--  Constraints for Table REPORT
--------------------------------------------------------

  ALTER TABLE "BUYLOCAL"."REPORT" MODIFY ("RT_NUM" NOT NULL ENABLE);
  ALTER TABLE "BUYLOCAL"."REPORT" MODIFY ("RT_DIVIDE" NOT NULL ENABLE);
  ALTER TABLE "BUYLOCAL"."REPORT" MODIFY ("RT_STATUS" NOT NULL ENABLE);
  ALTER TABLE "BUYLOCAL"."REPORT" MODIFY ("C_NO" NOT NULL ENABLE);
  ALTER TABLE "BUYLOCAL"."REPORT" MODIFY ("RT_NO" NOT NULL ENABLE);
  ALTER TABLE "BUYLOCAL"."REPORT" ADD CONSTRAINT "PK_REPORT" PRIMARY KEY ("RT_NO")
  USING INDEX PCTFREE 10 INITRANS 2 MAXTRANS 255 COMPUTE STATISTICS 
  STORAGE(INITIAL 65536 NEXT 1048576 MINEXTENTS 1 MAXEXTENTS 2147483645
  PCTINCREASE 0 FREELISTS 1 FREELIST GROUPS 1 BUFFER_POOL DEFAULT FLASH_CACHE DEFAULT CELL_FLASH_CACHE DEFAULT)
  TABLESPACE "SYSTEM"  ENABLE;
--------------------------------------------------------
--  Constraints for Table REVIEW
--------------------------------------------------------

  ALTER TABLE "BUYLOCAL"."REVIEW" MODIFY ("RV_ENROLLDATE" NOT NULL ENABLE);
  ALTER TABLE "BUYLOCAL"."REVIEW" MODIFY ("P_NO" NOT NULL ENABLE);
  ALTER TABLE "BUYLOCAL"."REVIEW" MODIFY ("RV_STATUS" NOT NULL ENABLE);
  ALTER TABLE "BUYLOCAL"."REVIEW" MODIFY ("C_NO" NOT NULL ENABLE);
  ALTER TABLE "BUYLOCAL"."REVIEW" MODIFY ("RV_CONTENT" NOT NULL ENABLE);
  ALTER TABLE "BUYLOCAL"."REVIEW" MODIFY ("RV_NO" NOT NULL ENABLE);
  ALTER TABLE "BUYLOCAL"."REVIEW" ADD CONSTRAINT "PK_REVIEW" PRIMARY KEY ("RV_NO")
  USING INDEX PCTFREE 10 INITRANS 2 MAXTRANS 255 COMPUTE STATISTICS 
  STORAGE(INITIAL 65536 NEXT 1048576 MINEXTENTS 1 MAXEXTENTS 2147483645
  PCTINCREASE 0 FREELISTS 1 FREELIST GROUPS 1 BUFFER_POOL DEFAULT FLASH_CACHE DEFAULT CELL_FLASH_CACHE DEFAULT)
  TABLESPACE "SYSTEM"  ENABLE;
--------------------------------------------------------
--  Constraints for Table SB_CATEGORY
--------------------------------------------------------

  ALTER TABLE "BUYLOCAL"."SB_CATEGORY" MODIFY ("SB_CG_CODE" NOT NULL ENABLE);
  ALTER TABLE "BUYLOCAL"."SB_CATEGORY" ADD CONSTRAINT "PK_SB_CATEGORY" PRIMARY KEY ("SB_CG_CODE")
  USING INDEX PCTFREE 10 INITRANS 2 MAXTRANS 255 COMPUTE STATISTICS 
  STORAGE(INITIAL 65536 NEXT 1048576 MINEXTENTS 1 MAXEXTENTS 2147483645
  PCTINCREASE 0 FREELISTS 1 FREELIST GROUPS 1 BUFFER_POOL DEFAULT FLASH_CACHE DEFAULT CELL_FLASH_CACHE DEFAULT)
  TABLESPACE "SYSTEM"  ENABLE;
--------------------------------------------------------
--  Constraints for Table SEARCHLIST
--------------------------------------------------------

  ALTER TABLE "BUYLOCAL"."SEARCHLIST" ADD PRIMARY KEY ("SEARCH_NO")
  USING INDEX PCTFREE 10 INITRANS 2 MAXTRANS 255 COMPUTE STATISTICS 
  STORAGE(INITIAL 65536 NEXT 1048576 MINEXTENTS 1 MAXEXTENTS 2147483645
  PCTINCREASE 0 FREELISTS 1 FREELIST GROUPS 1 BUFFER_POOL DEFAULT FLASH_CACHE DEFAULT CELL_FLASH_CACHE DEFAULT)
  TABLESPACE "SYSTEM"  ENABLE;
--------------------------------------------------------
--  Constraints for Table SHAREBOARD
--------------------------------------------------------

  ALTER TABLE "BUYLOCAL"."SHAREBOARD" ADD CONSTRAINT "PK_SHAREBOARD" PRIMARY KEY ("SB_NO")
  USING INDEX PCTFREE 10 INITRANS 2 MAXTRANS 255 COMPUTE STATISTICS 
  STORAGE(INITIAL 65536 NEXT 1048576 MINEXTENTS 1 MAXEXTENTS 2147483645
  PCTINCREASE 0 FREELISTS 1 FREELIST GROUPS 1 BUFFER_POOL DEFAULT FLASH_CACHE DEFAULT CELL_FLASH_CACHE DEFAULT)
  TABLESPACE "SYSTEM"  ENABLE;
  ALTER TABLE "BUYLOCAL"."SHAREBOARD" MODIFY ("SB_CG_CODE" NOT NULL ENABLE);
  ALTER TABLE "BUYLOCAL"."SHAREBOARD" MODIFY ("L_CODE" NOT NULL ENABLE);
  ALTER TABLE "BUYLOCAL"."SHAREBOARD" MODIFY ("C_NO" NOT NULL ENABLE);
  ALTER TABLE "BUYLOCAL"."SHAREBOARD" MODIFY ("SB_STATUS" NOT NULL ENABLE);
  ALTER TABLE "BUYLOCAL"."SHAREBOARD" MODIFY ("SB_CONTENT" NOT NULL ENABLE);
  ALTER TABLE "BUYLOCAL"."SHAREBOARD" MODIFY ("SB_TITLE" NOT NULL ENABLE);
  ALTER TABLE "BUYLOCAL"."SHAREBOARD" MODIFY ("SB_NO" NOT NULL ENABLE);
--------------------------------------------------------
--  Ref Constraints for Table BUSINESS_INFO
--------------------------------------------------------

  ALTER TABLE "BUYLOCAL"."BUSINESS_INFO" ADD CONSTRAINT "FK_CUSTOMER_TO_BUSINESS_INFO_1" FOREIGN KEY ("C_NO")
	  REFERENCES "BUYLOCAL"."CUSTOMER" ("C_NO") ENABLE;
--------------------------------------------------------
--  Ref Constraints for Table CART
--------------------------------------------------------

  ALTER TABLE "BUYLOCAL"."CART" ADD CONSTRAINT "FK_CUSTOMER_TO_CART_1" FOREIGN KEY ("C_NO")
	  REFERENCES "BUYLOCAL"."CUSTOMER" ("C_NO") ENABLE;
  ALTER TABLE "BUYLOCAL"."CART" ADD CONSTRAINT "FK_PRODUCT_TO_CART_1" FOREIGN KEY ("P_NO")
	  REFERENCES "BUYLOCAL"."PRODUCT" ("P_NO") ENABLE;
--------------------------------------------------------
--  Ref Constraints for Table DEAL
--------------------------------------------------------

  ALTER TABLE "BUYLOCAL"."DEAL" ADD CONSTRAINT "FK_CUSTOMER_TO_DEAL_1" FOREIGN KEY ("C_NO")
	  REFERENCES "BUYLOCAL"."CUSTOMER" ("C_NO") ENABLE;
  ALTER TABLE "BUYLOCAL"."DEAL" ADD CONSTRAINT "FK_PRODUCT_TO_DEAL_1" FOREIGN KEY ("P_NO")
	  REFERENCES "BUYLOCAL"."PRODUCT" ("P_NO") ENABLE;
--------------------------------------------------------
--  Ref Constraints for Table FAVORITE
--------------------------------------------------------

  ALTER TABLE "BUYLOCAL"."FAVORITE" ADD CONSTRAINT "FK_CUSTOMER_TO_FAVORITE_1" FOREIGN KEY ("C_NO")
	  REFERENCES "BUYLOCAL"."CUSTOMER" ("C_NO") ENABLE;
  ALTER TABLE "BUYLOCAL"."FAVORITE" ADD CONSTRAINT "FK_PRODUCT_TO_FAVORITE_1" FOREIGN KEY ("P_NO")
	  REFERENCES "BUYLOCAL"."PRODUCT" ("P_NO") ENABLE;
--------------------------------------------------------
--  Ref Constraints for Table PRODUCT
--------------------------------------------------------

  ALTER TABLE "BUYLOCAL"."PRODUCT" ADD CONSTRAINT "FK_CATEGORY_TO_PRODUCT_1" FOREIGN KEY ("CG_CODE")
	  REFERENCES "BUYLOCAL"."CATEGORY" ("CG_CODE") ENABLE;
  ALTER TABLE "BUYLOCAL"."PRODUCT" ADD CONSTRAINT "FK_CUSTOMER_TO_PRODUCT_1" FOREIGN KEY ("C_NO")
	  REFERENCES "BUYLOCAL"."CUSTOMER" ("C_NO") ENABLE;
  ALTER TABLE "BUYLOCAL"."PRODUCT" ADD CONSTRAINT "FK_LOCAL_TO_PRODUCT_1" FOREIGN KEY ("L_CODE")
	  REFERENCES "BUYLOCAL"."LOCAL" ("L_CODE") ENABLE;
--------------------------------------------------------
--  Ref Constraints for Table QNA
--------------------------------------------------------

  ALTER TABLE "BUYLOCAL"."QNA" ADD CONSTRAINT "FK_CUSTOMER_TO_QNA_1" FOREIGN KEY ("C_NO")
	  REFERENCES "BUYLOCAL"."CUSTOMER" ("C_NO") ENABLE;
--------------------------------------------------------
--  Ref Constraints for Table REPLY
--------------------------------------------------------

  ALTER TABLE "BUYLOCAL"."REPLY" ADD CONSTRAINT "FK_CUSTOMER_TO_REPLY_1" FOREIGN KEY ("C_NO")
	  REFERENCES "BUYLOCAL"."CUSTOMER" ("C_NO") ENABLE;
  ALTER TABLE "BUYLOCAL"."REPLY" ADD CONSTRAINT "FK_SHAREBOARD_TO_REPLY_1" FOREIGN KEY ("SB_NO")
	  REFERENCES "BUYLOCAL"."SHAREBOARD" ("SB_NO") ENABLE;
--------------------------------------------------------
--  Ref Constraints for Table REPORT
--------------------------------------------------------

  ALTER TABLE "BUYLOCAL"."REPORT" ADD CONSTRAINT "FK_CUSTOMER_TO_REPORT_1" FOREIGN KEY ("C_NO")
	  REFERENCES "BUYLOCAL"."CUSTOMER" ("C_NO") ENABLE;
--------------------------------------------------------
--  Ref Constraints for Table REVIEW
--------------------------------------------------------

  ALTER TABLE "BUYLOCAL"."REVIEW" ADD CONSTRAINT "FK_CUSTOMER_TO_REVIEW_1" FOREIGN KEY ("C_NO")
	  REFERENCES "BUYLOCAL"."CUSTOMER" ("C_NO") ENABLE;
  ALTER TABLE "BUYLOCAL"."REVIEW" ADD CONSTRAINT "FK_PRODUCT_TO_REVIEW_1" FOREIGN KEY ("P_NO")
	  REFERENCES "BUYLOCAL"."PRODUCT" ("P_NO") ENABLE;
--------------------------------------------------------
--  Ref Constraints for Table SHAREBOARD
--------------------------------------------------------

  ALTER TABLE "BUYLOCAL"."SHAREBOARD" ADD CONSTRAINT "FK_CUSTOMER_TO_SHAREBOARD_1" FOREIGN KEY ("C_NO")
	  REFERENCES "BUYLOCAL"."CUSTOMER" ("C_NO") ENABLE;
  ALTER TABLE "BUYLOCAL"."SHAREBOARD" ADD CONSTRAINT "FK_LOCAL_TO_SHAREBOARD_1" FOREIGN KEY ("L_CODE")
	  REFERENCES "BUYLOCAL"."LOCAL" ("L_CODE") ENABLE;
  ALTER TABLE "BUYLOCAL"."SHAREBOARD" ADD CONSTRAINT "FK_SB_CATEGORY_TO_SHAREBOARD_1" FOREIGN KEY ("SB_CG_CODE")
	  REFERENCES "BUYLOCAL"."SB_CATEGORY" ("SB_CG_CODE") ENABLE;
